-- --------------------------------------------------------
-- Strežnik:                     127.0.0.1
-- Server version:               10.1.13-MariaDB - mariadb.org binary distribution
-- Server OS:                    Win32
-- HeidiSQL Različica:           9.3.0.4984
-- --------------------------------------------------------

/*!40101 SET @OLD_CHARACTER_SET_CLIENT=@@CHARACTER_SET_CLIENT */;
/*!40101 SET NAMES utf8mb4 */;
/*!40014 SET @OLD_FOREIGN_KEY_CHECKS=@@FOREIGN_KEY_CHECKS, FOREIGN_KEY_CHECKS=0 */;
/*!40101 SET @OLD_SQL_MODE=@@SQL_MODE, SQL_MODE='NO_AUTO_VALUE_ON_ZERO' */;

-- Dumping database structure for sport
DROP DATABASE IF EXISTS `sport`;
CREATE DATABASE IF NOT EXISTS `sport` /*!40100 DEFAULT CHARACTER SET latin1 */;
USE `sport`;


-- Dumping structure for tabela sport.izdelki
DROP TABLE IF EXISTS `izdelki`;
CREATE TABLE IF NOT EXISTS `izdelki` (
  `ID_Izdelek` int(11) NOT NULL AUTO_INCREMENT,
  `Izdelek` varchar(30) DEFAULT NULL,
  `Cena` int(11) DEFAULT NULL,
  `ID_Kategorija` varchar(2) DEFAULT NULL,
  PRIMARY KEY (`ID_Izdelek`),
  KEY `i_izdelki` (`ID_Kategorija`),
  KEY `CategoryID` (`ID_Kategorija`),
  KEY `ProductID` (`ID_Izdelek`)
) ENGINE=InnoDB AUTO_INCREMENT=18 DEFAULT CHARSET=utf8;

-- Dumping data for table sport.izdelki: ~16 rows (približno)
/*!40000 ALTER TABLE `izdelki` DISABLE KEYS */;
INSERT INTO `izdelki` (`ID_Izdelek`, `Izdelek`, `Cena`, `ID_Kategorija`) VALUES
	(1, 'Šotor Bivy', 199, 'TT'),
	(2, 'Šotor Cabin', 270, 'TT'),
	(3, 'Spalna vreča summer', 60, 'SB'),
	(4, 'Gorilnik', 65, 'AC'),
	(5, 'Hladilna torba', 30, 'AC'),
	(6, 'Nahrbtnik 40k', 65, 'BP'),
	(7, 'Šotor Dome', 135, 'TT'),
	(8, 'Spalna vreča polar', 100, 'SB'),
	(9, 'Šotor Polar', 115, 'TT'),
	(10, 'Termo steklenica', 25, 'AC'),
	(11, 'Viseča spalna mreža', 53, 'AC'),
	(12, 'Torba', 25, 'BP'),
	(13, 'Plinska svetilka', 39, 'AC'),
	(15, 'Nahrbtnik 50k', 90, 'BP'),
	(16, 'Nahrbtnik 30k', 55, 'BP'),
	(17, 'Šotor Night&Day', 179, 'TT');
/*!40000 ALTER TABLE `izdelki` ENABLE KEYS */;


-- Dumping structure for tabela sport.kategorije
DROP TABLE IF EXISTS `kategorije`;
CREATE TABLE IF NOT EXISTS `kategorije` (
  `ID_Kategorija` varchar(2) NOT NULL,
  `Kategorija` varchar(255) DEFAULT NULL,
  PRIMARY KEY (`ID_Kategorija`),
  KEY `CategoryID` (`ID_Kategorija`)
) ENGINE=InnoDB DEFAULT CHARSET=utf8;

-- Dumping data for table sport.kategorije: ~4 rows (približno)
/*!40000 ALTER TABLE `kategorije` DISABLE KEYS */;
INSERT INTO `kategorije` (`ID_Kategorija`, `Kategorija`) VALUES
	('AC', 'Pripomočki'),
	('BP', 'Nahrbtniki'),
	('SB', 'Spalne vreče'),
	('TT', 'Šotori');
/*!40000 ALTER TABLE `kategorije` ENABLE KEYS */;


-- Dumping structure for tabela sport.narocilo
DROP TABLE IF EXISTS `narocilo`;
CREATE TABLE IF NOT EXISTS `narocilo` (
  `ID_Narocilo` int(11) NOT NULL AUTO_INCREMENT,
  `ID_Stranka` int(11) DEFAULT NULL,
  `Datum` date DEFAULT NULL,
  `ID_Zaposleni` int(11) DEFAULT NULL,
  PRIMARY KEY (`ID_Narocilo`),
  KEY `i_narocilo1` (`ID_Stranka`),
  KEY `i_narocilo2` (`ID_Stranka`),
  KEY `i_narocilo3` (`ID_Zaposleni`)
) ENGINE=InnoDB AUTO_INCREMENT=12495 DEFAULT CHARSET=utf8;

-- Dumping data for table sport.narocilo: ~2.351 rows (približno)
/*!40000 ALTER TABLE `narocilo` DISABLE KEYS */;
INSERT INTO `narocilo` (`ID_Narocilo`, `ID_Stranka`, `Datum`, `ID_Zaposleni`) VALUES
	(10079, 109, '2001-01-01', 93),
	(10124, 245, '2001-01-01', 42),
	(10125, 198, '2001-01-01', 143),
	(10126, 223, '2001-01-02', 72),
	(10127, 201, '2001-01-02', 44),
	(10128, 179, '2001-01-03', 72),
	(10129, 219, '2001-01-03', 73),
	(10130, 204, '2001-01-03', 82),
	(10131, 240, '2001-01-03', 106),
	(10132, 245, '2001-01-05', 42),
	(10133, 215, '2001-01-05', 81),
	(10134, 204, '2001-01-05', 82),
	(10135, 198, '2001-01-05', 143),
	(10136, 179, '2001-01-05', 72),
	(10137, 223, '2001-01-06', 72),
	(10138, 198, '2001-01-06', 143),
	(10139, 223, '2001-01-06', 72),
	(10140, 201, '2001-01-07', 44),
	(10141, 185, '2001-01-07', 73),
	(10142, 219, '2001-01-08', 73),
	(10143, 204, '2001-01-08', 82),
	(10144, 240, '2001-01-08', 106),
	(10145, 245, '2001-01-08', 42),
	(10146, 215, '2001-01-08', 81),
	(10147, 204, '2001-01-08', 82),
	(10148, 198, '2001-01-09', 143),
	(10149, 179, '2001-01-09', 72),
	(10150, 245, '2001-01-09', 42),
	(10151, 198, '2001-01-09', 143),
	(10152, 223, '2001-01-10', 72),
	(10153, 201, '2001-01-10', 44),
	(10154, 179, '2001-01-12', 72),
	(10155, 219, '2001-01-12', 73),
	(10156, 204, '2001-01-12', 82),
	(10157, 240, '2001-01-13', 106),
	(10158, 245, '2001-01-13', 42),
	(10159, 215, '2001-01-13', 81),
	(10160, 204, '2001-01-13', 82),
	(10161, 198, '2001-01-13', 143),
	(10162, 179, '2001-01-14', 72),
	(10163, 223, '2001-01-14', 72),
	(10164, 198, '2001-01-14', 143),
	(10165, 223, '2001-01-14', 72),
	(10166, 201, '2001-01-14', 44),
	(10167, 185, '2001-01-15', 73),
	(10168, 219, '2001-01-15', 73),
	(10169, 198, '2001-01-15', 143),
	(10170, 245, '2001-01-15', 42),
	(10171, 215, '2001-01-15', 81),
	(10172, 198, '2001-01-16', 143),
	(10173, 179, '2001-01-16', 72),
	(10174, 223, '2001-01-17', 72),
	(10175, 198, '2001-01-17', 143),
	(10176, 245, '2001-01-17', 42),
	(10177, 201, '2001-01-17', 44),
	(10178, 179, '2001-01-17', 72),
	(10179, 219, '2001-01-19', 73),
	(10180, 204, '2001-01-19', 82),
	(10181, 240, '2001-01-19', 106),
	(10182, 245, '2001-01-19', 42),
	(10183, 215, '2001-01-19', 81),
	(10184, 204, '2001-01-20', 82),
	(10185, 204, '2001-01-20', 82),
	(10186, 179, '2001-01-20', 72),
	(10187, 223, '2001-01-20', 72),
	(10188, 198, '2001-01-20', 143),
	(10189, 223, '2001-01-21', 72),
	(10190, 201, '2001-01-21', 44),
	(10191, 185, '2001-01-21', 73),
	(10192, 219, '2001-01-21', 73),
	(10193, 198, '2001-01-22', 143),
	(10194, 223, '2001-01-22', 72),
	(10195, 219, '2001-01-22', 73),
	(10196, 204, '2001-01-22', 82),
	(10197, 198, '2001-01-23', 143),
	(10198, 179, '2001-01-23', 72),
	(10199, 245, '2001-01-23', 42),
	(10200, 198, '2001-01-23', 143),
	(10201, 223, '2001-01-24', 72),
	(10202, 201, '2001-01-24', 44),
	(10203, 185, '2001-01-24', 73),
	(10204, 219, '2001-01-26', 73),
	(10205, 204, '2001-01-26', 82),
	(10206, 240, '2001-01-26', 106),
	(10207, 245, '2001-01-26', 42),
	(10208, 215, '2001-01-26', 81),
	(10209, 204, '2001-01-26', 82),
	(10210, 198, '2001-01-27', 143),
	(10211, 179, '2001-01-27', 72),
	(10212, 223, '2001-01-27', 72),
	(10213, 198, '2001-01-27', 143),
	(10214, 223, '2001-01-28', 72),
	(10215, 201, '2001-01-28', 44),
	(10216, 185, '2001-01-28', 73),
	(10217, 219, '2001-01-29', 73),
	(10218, 198, '2001-01-29', 143),
	(10219, 245, '2001-01-29', 42),
	(10220, 215, '2001-01-29', 81),
	(10221, 198, '2001-01-30', 143),
	(10222, 185, '2001-01-30', 73),
	(10223, 245, '2001-01-30', 42),
	(10224, 198, '2001-01-30', 143),
	(10225, 223, '2001-02-02', 72),
	(10226, 201, '2001-02-02', 44),
	(10227, 179, '2001-02-02', 72),
	(10228, 219, '2001-02-03', 73),
	(10229, 204, '2001-02-03', 82),
	(10230, 240, '2001-02-03', 106),
	(10231, 245, '2001-02-03', 42),
	(10232, 215, '2001-02-03', 81),
	(10233, 204, '2001-02-03', 82),
	(10234, 198, '2001-02-04', 143),
	(10235, 179, '2001-02-04', 72),
	(10236, 240, '2001-02-04', 106),
	(10237, 198, '2001-02-04', 143),
	(10238, 223, '2001-02-04', 72),
	(10239, 201, '2001-02-05', 44),
	(10240, 185, '2001-02-05', 73),
	(10241, 219, '2001-02-05', 73),
	(10242, 204, '2001-02-05', 82),
	(10243, 240, '2001-02-05', 106),
	(10244, 245, '2001-02-06', 42),
	(10245, 215, '2001-02-06', 81),
	(10246, 204, '2001-02-06', 82),
	(10247, 198, '2001-02-06', 143),
	(10248, 179, '2001-02-06', 72),
	(10249, 245, '2001-02-07', 42),
	(10250, 198, '2001-02-07', 143),
	(10251, 223, '2001-02-07', 72),
	(10252, 201, '2001-02-07', 44),
	(10253, 179, '2001-02-07', 72),
	(10254, 219, '2001-02-09', 73),
	(10255, 204, '2001-02-09', 82),
	(10256, 240, '2001-02-09', 106),
	(10257, 245, '2001-02-09', 42),
	(10258, 215, '2001-02-09', 81),
	(10259, 204, '2001-02-10', 82),
	(10260, 198, '2001-02-10', 143),
	(10261, 179, '2001-02-10', 72),
	(10262, 245, '2001-02-10', 42),
	(10263, 198, '2001-02-10', 143),
	(10264, 223, '2001-02-11', 72),
	(10265, 201, '2001-02-11', 44),
	(10266, 185, '2001-02-11', 73),
	(10267, 219, '2001-02-12', 73),
	(10268, 198, '2001-02-12', 143),
	(10269, 245, '2001-02-12', 42),
	(10270, 215, '2001-02-12', 81),
	(10271, 198, '2001-02-13', 143),
	(10272, 179, '2001-02-13', 72),
	(10273, 223, '2001-02-13', 72),
	(10274, 198, '2001-02-13', 143),
	(10275, 245, '2001-02-13', 42),
	(10276, 201, '2001-02-14', 44),
	(10277, 179, '2001-02-14', 72),
	(10278, 219, '2001-02-14', 73),
	(10279, 204, '2001-02-14', 82),
	(10280, 240, '2001-02-16', 106),
	(10281, 245, '2001-02-16', 42),
	(10282, 215, '2001-02-16', 81),
	(10283, 204, '2001-02-16', 82),
	(10284, 179, '2001-02-16', 72),
	(10285, 223, '2001-02-17', 72),
	(10286, 198, '2001-02-17', 143),
	(10287, 223, '2001-02-17', 72),
	(10288, 201, '2001-02-17', 44),
	(10289, 179, '2001-02-18', 72),
	(10290, 219, '2001-02-18', 73),
	(10291, 198, '2001-02-18', 143),
	(10292, 245, '2001-02-18', 42),
	(10293, 219, '2001-02-19', 73),
	(10294, 204, '2001-02-19', 82),
	(10295, 198, '2001-02-19', 143),
	(10296, 179, '2001-02-19', 72),
	(10297, 245, '2001-02-19', 42),
	(10298, 204, '2001-02-20', 82),
	(10299, 223, '2001-02-20', 72),
	(10300, 198, '2001-02-20', 143),
	(10301, 185, '2001-02-20', 73),
	(10302, 219, '2001-02-21', 73),
	(10303, 204, '2001-02-21', 82),
	(10304, 240, '2001-02-21', 106),
	(10305, 245, '2001-02-21', 42),
	(10306, 215, '2001-02-21', 81),
	(10307, 204, '2001-02-21', 82),
	(10308, 198, '2001-02-23', 143),
	(10309, 179, '2001-02-23', 72),
	(10310, 223, '2001-02-23', 72),
	(10311, 198, '2001-02-23', 143),
	(10312, 223, '2001-02-24', 72),
	(10313, 201, '2001-02-24', 44),
	(10314, 185, '2001-02-24', 73),
	(10315, 219, '2001-02-24', 73),
	(10316, 198, '2001-02-25', 143),
	(10317, 245, '2001-02-25', 42),
	(10318, 215, '2001-02-25', 81),
	(10319, 198, '2001-02-25', 143),
	(10320, 185, '2001-02-26', 73),
	(10321, 198, '2001-02-26', 143),
	(10322, 201, '2001-02-26', 44),
	(10323, 219, '2001-02-26', 73),
	(10324, 204, '2001-02-26', 82),
	(10325, 240, '2001-02-26', 106),
	(10326, 245, '2001-02-26', 42),
	(10327, 215, '2001-02-27', 81),
	(10328, 179, '2001-02-27', 72),
	(10329, 223, '2001-02-27', 72),
	(10330, 198, '2001-02-27', 143),
	(10331, 223, '2001-02-28', 72),
	(10332, 201, '2001-02-28', 44),
	(10333, 219, '2001-02-28', 73),
	(10334, 204, '2001-02-28', 82),
	(10335, 240, '2001-02-28', 106),
	(10336, 245, '2001-02-28', 42),
	(10337, 204, '2001-02-28', 82),
	(10338, 198, '2001-02-28', 143),
	(10339, 179, '2001-02-28', 72),
	(10340, 245, '2001-02-28', 42),
	(10341, 198, '2001-02-28', 143),
	(10342, 223, '2001-02-22', 72),
	(10343, 201, '2001-02-22', 44),
	(10344, 179, '2001-02-22', 72),
	(10345, 219, '2001-02-22', 73),
	(10346, 204, '2001-03-01', 82),
	(10347, 215, '2001-03-01', 81),
	(10348, 204, '2001-03-01', 82),
	(10349, 198, '2001-03-01', 143),
	(10350, 179, '2001-03-01', 72),
	(10351, 223, '2001-03-02', 72),
	(10352, 201, '2001-03-02', 44),
	(10353, 185, '2001-03-03', 73),
	(10354, 219, '2001-03-03', 73),
	(10355, 198, '2001-03-03', 143),
	(10356, 245, '2001-03-03', 42),
	(10357, 215, '2001-03-03', 81),
	(10358, 198, '2001-03-03', 143),
	(10359, 179, '2001-03-04', 72),
	(10360, 223, '2001-03-04', 72),
	(10361, 198, '2001-03-04', 143),
	(10362, 245, '2001-03-04', 42),
	(10363, 201, '2001-03-07', 44),
	(10364, 179, '2001-03-07', 72),
	(10365, 219, '2001-03-07', 73),
	(10366, 204, '2001-03-08', 82),
	(10367, 240, '2001-03-08', 106),
	(10368, 245, '2001-03-08', 42),
	(10369, 215, '2001-03-08', 81),
	(10370, 204, '2001-03-08', 82),
	(10371, 179, '2001-03-09', 72),
	(10372, 223, '2001-03-09', 72),
	(10373, 198, '2001-03-09', 143),
	(10374, 223, '2001-03-09', 72),
	(10375, 201, '2001-03-10', 44),
	(10376, 185, '2001-03-10', 73),
	(10377, 219, '2001-03-10', 73),
	(10378, 198, '2001-03-10', 143),
	(10379, 223, '2001-03-10', 72),
	(10380, 219, '2001-03-11', 73),
	(10381, 204, '2001-03-11', 82),
	(10382, 198, '2001-03-11', 143),
	(10383, 179, '2001-03-11', 72),
	(10384, 245, '2001-03-11', 42),
	(10385, 198, '2001-03-13', 143),
	(10386, 223, '2001-03-13', 72),
	(10387, 201, '2001-03-13', 44),
	(10388, 185, '2001-03-13', 73),
	(10389, 219, '2001-03-14', 73),
	(10390, 204, '2001-03-14', 82),
	(10391, 240, '2001-03-14', 106),
	(10392, 245, '2001-03-14', 42),
	(10393, 215, '2001-03-14', 81),
	(10394, 204, '2001-03-15', 82),
	(10395, 198, '2001-03-15', 143),
	(10396, 179, '2001-03-15', 72),
	(10397, 223, '2001-03-15', 72),
	(10398, 198, '2001-03-15', 143),
	(10399, 223, '2001-03-16', 72),
	(10400, 201, '2001-03-16', 44),
	(10401, 185, '2001-03-16', 73),
	(10402, 219, '2001-03-17', 73),
	(10403, 198, '2001-03-17', 143),
	(10404, 245, '2001-03-17', 42),
	(10405, 215, '2001-03-17', 81),
	(10406, 198, '2001-03-18', 143),
	(10407, 185, '2001-03-18', 73),
	(10408, 245, '2001-03-18', 42),
	(10409, 198, '2001-03-18', 143),
	(10410, 223, '2001-03-20', 72),
	(10411, 201, '2001-03-20', 44),
	(10412, 179, '2001-03-20', 72),
	(10413, 219, '2001-03-20', 73),
	(10414, 204, '2001-03-20', 82),
	(10415, 240, '2001-03-20', 106),
	(10416, 245, '2001-03-21', 42),
	(10417, 215, '2001-03-21', 81),
	(10418, 204, '2001-03-21', 82),
	(10419, 198, '2001-03-21', 143),
	(10420, 179, '2001-03-21', 72),
	(10421, 240, '2001-03-22', 106),
	(10422, 198, '2001-03-22', 143),
	(10423, 223, '2001-03-22', 72),
	(10424, 201, '2001-03-22', 44),
	(10425, 185, '2001-03-22', 73),
	(10426, 219, '2001-03-23', 73),
	(10427, 204, '2001-03-23', 82),
	(10428, 240, '2001-03-23', 106),
	(10429, 245, '2001-03-23', 42),
	(10430, 215, '2001-03-24', 81),
	(10431, 204, '2001-03-24', 82),
	(10432, 198, '2001-03-24', 143),
	(10433, 179, '2001-03-24', 72),
	(10434, 245, '2001-03-24', 42),
	(10435, 198, '2001-03-24', 143),
	(10436, 223, '2001-03-25', 72),
	(10437, 201, '2001-03-25', 44),
	(10438, 179, '2001-03-25', 72),
	(10439, 219, '2001-03-27', 73),
	(10440, 204, '2001-03-27', 82),
	(10441, 240, '2001-03-27', 106),
	(10442, 245, '2001-03-27', 42),
	(10443, 215, '2001-03-27', 81),
	(10444, 204, '2001-03-27', 82),
	(10445, 198, '2001-03-28', 143),
	(10446, 179, '2001-03-28', 72),
	(10447, 245, '2001-03-28', 42),
	(10448, 198, '2001-03-28', 143),
	(10449, 223, '2001-03-28', 72),
	(10450, 201, '2001-03-29', 44),
	(10451, 185, '2001-03-29', 73),
	(10452, 219, '2001-03-29', 73),
	(10453, 198, '2001-03-29', 143),
	(10454, 179, '2001-03-30', 72),
	(10455, 219, '2001-03-30', 73),
	(10456, 204, '2001-03-30', 82),
	(10457, 240, '2001-03-30', 106),
	(10458, 245, '2001-03-30', 42),
	(10459, 215, '2001-03-30', 81),
	(10463, 245, '2001-03-29', 42),
	(10464, 198, '2001-03-24', 143),
	(10465, 223, '2001-03-31', 72),
	(10466, 201, '2001-03-23', 44),
	(10467, 179, '2001-03-29', 72),
	(10468, 219, '2001-03-26', 73),
	(10469, 204, '2001-03-23', 82),
	(10470, 240, '2001-04-01', 106),
	(10471, 245, '2001-03-23', 42),
	(10472, 215, '2001-04-06', 81),
	(10473, 204, '2001-04-04', 82),
	(10474, 198, '2001-03-31', 143),
	(10475, 179, '2001-04-09', 72),
	(10476, 223, '2001-04-12', 72),
	(10477, 198, '2001-04-01', 143),
	(10478, 223, '2001-04-07', 72),
	(10479, 201, '2001-03-21', 44),
	(10480, 185, '2001-03-26', 73),
	(10481, 219, '2001-03-24', 73),
	(10482, 204, '2001-03-31', 82),
	(10483, 240, '2001-04-09', 106),
	(10484, 245, '2001-03-29', 42),
	(10485, 215, '2001-04-07', 81),
	(10486, 204, '2001-04-10', 82),
	(10487, 198, '2001-04-07', 143),
	(10488, 179, '2001-04-11', 72),
	(10489, 245, '2001-04-02', 42),
	(10490, 198, '2001-04-06', 143),
	(10491, 223, '2001-03-31', 72),
	(10492, 201, '2001-03-27', 44),
	(10493, 179, '2001-04-03', 72),
	(10494, 219, '2001-04-15', 73),
	(10495, 204, '2001-04-07', 82),
	(10496, 240, '2001-04-17', 106),
	(10497, 245, '2001-04-06', 42),
	(10498, 215, '2001-04-05', 81),
	(10499, 204, '2001-04-08', 82),
	(10500, 198, '2001-04-10', 143),
	(10501, 179, '2001-04-09', 72),
	(10502, 223, '2001-04-10', 72),
	(10503, 198, '2001-04-14', 143),
	(10504, 223, '2001-04-10', 72),
	(10505, 201, '2001-04-03', 44),
	(10506, 185, '2001-04-17', 73),
	(10507, 219, '2001-04-06', 73),
	(10508, 198, '2001-04-13', 143),
	(10509, 245, '2001-03-31', 42),
	(10510, 215, '2001-04-09', 81),
	(10511, 198, '2001-04-08', 143),
	(10512, 179, '2001-04-12', 72),
	(10513, 223, '2001-04-14', 72),
	(10514, 198, '2001-04-18', 143),
	(10515, 245, '2001-04-15', 42),
	(10516, 201, '2001-04-07', 44),
	(10517, 179, '2001-04-15', 72),
	(10518, 219, '2001-04-26', 73),
	(10519, 204, '2001-04-08', 82),
	(10520, 240, '2001-04-17', 106),
	(10521, 245, '2001-04-06', 42),
	(10522, 109, '2001-04-05', 93),
	(10523, 204, '2001-04-19', 82),
	(10524, 204, '2001-04-15', 82),
	(10525, 179, '2001-04-24', 72),
	(10526, 223, '2001-04-20', 72),
	(10527, 198, '2001-04-15', 143),
	(10528, 223, '2001-04-24', 72),
	(10529, 109, '2001-04-04', 93),
	(10530, 185, '2001-04-09', 73),
	(10531, 219, '2001-04-21', 73),
	(10532, 198, '2001-04-14', 143),
	(10533, 223, '2001-04-11', 72),
	(10534, 219, '2001-04-20', 73),
	(10535, 204, '2001-04-23', 82),
	(10536, 198, '2001-04-27', 143),
	(10537, 179, '2001-04-24', 72),
	(10538, 245, '2001-04-25', 42),
	(10539, 198, '2001-04-19', 143),
	(10540, 223, '2001-04-17', 72),
	(10541, 201, '2001-04-24', 44),
	(10542, 185, '2001-04-22', 73),
	(10543, 219, '2001-04-13', 73),
	(10544, 204, '2001-04-20', 82),
	(10545, 240, '2001-04-29', 106),
	(10546, 245, '2001-04-18', 42),
	(10547, 215, '2001-04-27', 81),
	(10548, 204, '2001-04-30', 82),
	(10549, 198, '2001-04-24', 143),
	(10550, 179, '2001-04-26', 72),
	(10551, 223, '2001-04-22', 72),
	(10552, 198, '2001-04-26', 143),
	(10553, 223, '2001-04-23', 72),
	(10554, 201, '2001-04-26', 44),
	(10555, 185, '2001-04-29', 73),
	(10556, 219, '2001-04-27', 73),
	(10557, 198, '2001-04-26', 143),
	(10558, 245, '2001-05-05', 42),
	(10559, 215, '2001-04-22', 81),
	(10560, 198, '2001-04-28', 143),
	(10561, 185, '2001-04-30', 73),
	(10562, 245, '2001-04-26', 42),
	(10563, 198, '2001-04-30', 143),
	(10564, 223, '2001-04-30', 72),
	(10565, 201, '2001-05-07', 44),
	(10566, 179, '2001-05-06', 72),
	(10567, 219, '2001-05-10', 73),
	(10568, 204, '2001-05-02', 82),
	(10569, 240, '2001-05-01', 106),
	(10570, 245, '2001-04-20', 42),
	(10571, 215, '2001-04-28', 81),
	(10572, 204, '2001-05-05', 82),
	(10573, 198, '2001-04-26', 143),
	(10574, 179, '2001-05-08', 72),
	(10575, 240, '2001-05-09', 106),
	(10576, 198, '2001-05-03', 143),
	(10577, 223, '2001-05-07', 72),
	(10578, 201, '2001-04-28', 44),
	(10579, 185, '2001-04-26', 73),
	(10580, 219, '2001-04-20', 73),
	(10581, 204, '2001-04-27', 82),
	(10582, 240, '2001-05-06', 106),
	(10583, 245, '2001-04-26', 42),
	(10584, 215, '2001-05-05', 81),
	(10585, 204, '2001-05-08', 82),
	(10586, 198, '2001-05-04', 143),
	(10587, 179, '2001-05-08', 72),
	(10588, 245, '2001-05-10', 42),
	(10589, 198, '2001-05-04', 143),
	(10590, 223, '2001-04-27', 72),
	(10591, 201, '2001-04-23', 44),
	(10592, 179, '2001-05-01', 72),
	(10593, 219, '2001-04-27', 73),
	(10594, 204, '2001-05-04', 82),
	(10595, 240, '2001-05-13', 106),
	(10596, 245, '2001-05-02', 42),
	(10597, 215, '2001-05-11', 81),
	(10598, 204, '2001-05-07', 82),
	(10599, 198, '2001-05-01', 143),
	(10600, 179, '2001-05-10', 72),
	(10601, 245, '2001-05-06', 42),
	(10602, 198, '2001-05-10', 143),
	(10603, 223, '2001-05-08', 72),
	(10604, 201, '2001-04-30', 44),
	(10605, 185, '2001-05-14', 73),
	(10606, 219, '2001-05-03', 73),
	(10607, 198, '2001-05-10', 143),
	(10608, 245, '2001-05-07', 42),
	(10609, 215, '2001-05-11', 81),
	(10610, 198, '2001-05-10', 143),
	(10611, 179, '2001-05-14', 72),
	(10612, 223, '2001-05-10', 72),
	(10613, 198, '2001-05-14', 143),
	(10614, 245, '2001-05-10', 42),
	(10615, 201, '2001-05-04', 44),
	(10616, 179, '2001-05-12', 72),
	(10617, 219, '2001-05-06', 73),
	(10618, 204, '2001-05-13', 82),
	(10619, 240, '2001-04-30', 106),
	(10620, 245, '2001-05-15', 42),
	(10621, 215, '2001-05-17', 81),
	(10622, 204, '2001-05-16', 82),
	(10623, 179, '2001-05-19', 72),
	(10624, 223, '2001-05-22', 72),
	(10625, 198, '2001-05-11', 143),
	(10626, 223, '2001-05-17', 72),
	(10627, 201, '2001-05-09', 44),
	(10628, 179, '2001-05-11', 72),
	(10629, 219, '2001-05-17', 73),
	(10630, 198, '2001-05-17', 143),
	(10631, 245, '2001-05-18', 42),
	(10632, 219, '2001-05-06', 73),
	(10633, 204, '2001-05-22', 82),
	(10634, 198, '2001-05-22', 143),
	(10635, 179, '2001-05-24', 72),
	(10636, 245, '2001-05-26', 42),
	(10637, 204, '2001-05-25', 82),
	(10638, 223, '2001-05-21', 72),
	(10639, 198, '2001-05-19', 143),
	(10640, 185, '2001-05-18', 73),
	(10641, 219, '2001-05-22', 73),
	(10642, 204, '2001-05-14', 82),
	(10643, 240, '2001-05-23', 106),
	(10644, 245, '2001-05-12', 42),
	(10645, 215, '2001-05-26', 81),
	(10646, 204, '2001-05-24', 82),
	(10647, 198, '2001-05-28', 143),
	(10648, 179, '2001-05-26', 72),
	(10649, 223, '2001-05-23', 72),
	(10650, 198, '2001-05-12', 143),
	(10651, 223, '2001-05-24', 72),
	(10652, 201, '2001-05-21', 44),
	(10653, 185, '2001-05-27', 73),
	(10654, 219, '2001-05-21', 73),
	(10655, 198, '2001-05-21', 143),
	(10656, 245, '2001-05-30', 42),
	(10657, 215, '2001-05-27', 81),
	(10658, 198, '2001-05-18', 143),
	(10659, 185, '2001-05-25', 73),
	(10660, 198, '2001-05-24', 143),
	(10661, 201, '2001-05-12', 44),
	(10662, 219, '2001-05-28', 73),
	(10663, 204, '2001-05-20', 82),
	(10664, 240, '2001-05-29', 106),
	(10665, 245, '2001-05-18', 42),
	(10666, 215, '2001-05-28', 81),
	(10667, 179, '2001-06-03', 72),
	(10668, 223, '2001-05-30', 72),
	(10669, 198, '2001-05-24', 143),
	(10670, 223, '2001-05-22', 72),
	(10671, 201, '2001-05-14', 44),
	(10672, 219, '2001-05-15', 73),
	(10673, 204, '2001-05-22', 82),
	(10674, 240, '2001-05-31', 106),
	(10675, 245, '2001-05-20', 42),
	(10676, 204, '2001-05-31', 82),
	(10677, 198, '2001-06-03', 143),
	(10678, 179, '2001-06-05', 72),
	(10679, 245, '2001-05-22', 42),
	(10680, 198, '2001-05-17', 143),
	(10681, 223, '2001-05-13', 72),
	(10682, 201, '2001-05-09', 44),
	(10683, 179, '2001-05-17', 72),
	(10684, 219, '2001-05-11', 73),
	(10685, 204, '2001-05-25', 82),
	(10686, 215, '2001-05-20', 81),
	(10687, 204, '2001-06-02', 82),
	(10688, 198, '2001-06-04', 143),
	(10689, 179, '2001-05-28', 72),
	(10690, 223, '2001-05-26', 72),
	(10691, 201, '2001-05-16', 44),
	(10692, 185, '2001-05-22', 73),
	(10693, 219, '2001-05-19', 73),
	(10694, 198, '2001-05-26', 143),
	(10695, 245, '2001-05-23', 42),
	(10696, 215, '2001-06-06', 81),
	(10697, 198, '2001-06-06', 143),
	(10698, 179, '2001-06-04', 72),
	(10699, 223, '2001-06-01', 72),
	(10700, 198, '2001-05-21', 143),
	(10701, 245, '2001-05-23', 42),
	(10702, 201, '2001-05-22', 44),
	(10703, 179, '2001-06-05', 72),
	(10704, 219, '2001-05-24', 73),
	(10705, 204, '2001-06-01', 82),
	(10706, 240, '2001-06-10', 106),
	(10707, 245, '2001-05-30', 42),
	(10708, 215, '2001-06-08', 81),
	(10709, 204, '2001-05-27', 82),
	(10710, 179, '2001-06-01', 72),
	(10711, 223, '2001-06-08', 72),
	(10712, 198, '2001-06-06', 143),
	(10713, 223, '2001-06-03', 72),
	(10714, 201, '2001-05-27', 44),
	(10715, 185, '2001-06-10', 73),
	(10716, 219, '2001-06-13', 73),
	(10717, 198, '2001-06-05', 143),
	(10718, 223, '2001-06-02', 72),
	(10719, 219, '2001-06-02', 73),
	(10720, 204, '2001-06-05', 82),
	(10721, 198, '2001-06-08', 143),
	(10722, 179, '2001-06-05', 72),
	(10723, 245, '2001-06-06', 42),
	(10724, 198, '2001-06-12', 143),
	(10725, 223, '2001-06-05', 72),
	(10726, 201, '2001-06-16', 44),
	(10727, 185, '2001-06-15', 73),
	(10728, 219, '2001-06-04', 73),
	(10729, 204, '2001-06-01', 82),
	(10730, 240, '2001-06-10', 106),
	(10731, 245, '2001-05-30', 42),
	(10732, 215, '2001-06-08', 81),
	(10733, 204, '2001-06-12', 82),
	(10734, 198, '2001-06-14', 143),
	(10735, 179, '2001-06-12', 72),
	(10736, 223, '2001-06-19', 72),
	(10737, 198, '2001-06-17', 143),
	(10738, 223, '2001-06-16', 72),
	(10739, 201, '2001-06-07', 44),
	(10740, 185, '2001-06-13', 73),
	(10741, 219, '2001-06-02', 73),
	(10742, 198, '2001-06-15', 143),
	(10743, 245, '2001-06-16', 42),
	(10744, 215, '2001-06-18', 81),
	(10745, 198, '2001-06-17', 143),
	(10746, 185, '2001-06-16', 73),
	(10747, 245, '2001-06-23', 42),
	(10748, 198, '2001-06-21', 143),
	(10749, 223, '2001-06-12', 72),
	(10750, 201, '2001-06-17', 44),
	(10751, 179, '2001-06-16', 72),
	(10752, 219, '2001-06-19', 73),
	(10753, 204, '2001-06-11', 82),
	(10754, 240, '2001-06-20', 106),
	(10755, 245, '2001-06-10', 42),
	(10756, 215, '2001-06-11', 81),
	(10757, 204, '2001-06-25', 82),
	(10758, 198, '2001-06-13', 143),
	(10759, 179, '2001-06-17', 72),
	(10760, 240, '2001-06-19', 106),
	(10761, 198, '2001-06-09', 143),
	(10762, 223, '2001-06-15', 72),
	(10763, 201, '2001-06-07', 44),
	(10764, 185, '2001-06-15', 73),
	(10765, 219, '2001-06-10', 73),
	(10766, 204, '2001-06-17', 82),
	(10767, 240, '2001-06-26', 106),
	(10768, 245, '2001-06-15', 42),
	(10769, 215, '2001-06-20', 81),
	(10770, 204, '2001-06-18', 82),
	(10771, 198, '2001-06-20', 143),
	(10772, 179, '2001-06-23', 72),
	(10773, 245, '2001-06-25', 42),
	(10774, 198, '2001-06-14', 143),
	(10775, 223, '2001-06-23', 72),
	(10776, 201, '2001-06-13', 44),
	(10777, 179, '2001-06-26', 72),
	(10778, 219, '2001-07-02', 73),
	(10779, 204, '2001-06-14', 82),
	(10780, 240, '2001-06-23', 106),
	(10781, 245, '2001-06-12', 42),
	(10782, 215, '2001-06-26', 81),
	(10783, 204, '2001-06-16', 82),
	(10784, 198, '2001-06-27', 143),
	(10785, 179, '2001-06-30', 72),
	(10786, 245, '2001-06-26', 42),
	(10787, 198, '2001-06-21', 143),
	(10788, 223, '2001-06-23', 72),
	(10789, 201, '2001-06-10', 44),
	(10790, 185, '2001-06-23', 73),
	(10791, 219, '2001-06-12', 73),
	(10792, 198, '2001-06-19', 143),
	(10793, 179, '2001-06-19', 72),
	(10794, 219, '2001-07-01', 73),
	(10795, 204, '2001-06-23', 82),
	(10796, 240, '2001-06-18', 106),
	(10797, 245, '2001-07-03', 42),
	(10798, 215, '2001-06-30', 81),
	(10802, 245, '2001-06-23', 42),
	(10803, 198, '2001-06-13', 143),
	(10804, 223, '2001-06-22', 72),
	(10805, 201, '2001-06-10', 44),
	(10806, 179, '2001-06-21', 72),
	(10807, 219, '2001-06-15', 73),
	(10808, 204, '2001-06-19', 82),
	(10809, 240, '2001-06-27', 106),
	(10810, 245, '2001-06-07', 42),
	(10811, 215, '2001-06-20', 81),
	(10812, 204, '2001-07-01', 82),
	(10813, 198, '2001-06-23', 143),
	(10814, 179, '2001-07-06', 72),
	(10815, 223, '2001-07-10', 72),
	(10816, 198, '2001-06-24', 143),
	(10817, 223, '2001-07-02', 72),
	(10818, 201, '2001-06-11', 44),
	(10819, 185, '2001-06-11', 73),
	(10820, 219, '2001-06-06', 73),
	(10821, 204, '2001-06-20', 82),
	(10822, 240, '2001-07-08', 106),
	(10823, 245, '2001-06-16', 42),
	(10824, 215, '2001-06-24', 81),
	(10825, 204, '2001-07-10', 82),
	(10826, 198, '2001-07-03', 143),
	(10827, 179, '2001-07-11', 72),
	(10828, 245, '2001-07-03', 42),
	(10829, 198, '2001-06-22', 143),
	(10830, 223, '2001-06-18', 72),
	(10831, 201, '2001-06-10', 44),
	(10832, 179, '2001-06-22', 72),
	(10833, 219, '2001-07-01', 73),
	(10834, 204, '2001-06-30', 82),
	(10835, 240, '2001-07-19', 106),
	(10836, 245, '2001-06-27', 42),
	(10837, 215, '2001-06-25', 81),
	(10838, 204, '2001-07-11', 82),
	(10839, 198, '2001-06-29', 143),
	(10840, 179, '2001-07-02', 72),
	(10841, 223, '2001-07-04', 72),
	(10842, 198, '2001-07-03', 143),
	(10843, 223, '2001-07-01', 72),
	(10844, 201, '2001-06-20', 44),
	(10845, 185, '2001-07-09', 73),
	(10846, 219, '2001-06-25', 73),
	(10847, 198, '2001-07-09', 143),
	(10848, 245, '2001-06-23', 42),
	(10849, 215, '2001-06-21', 81),
	(10850, 198, '2001-06-28', 143),
	(10851, 179, '2001-07-06', 72),
	(10852, 223, '2001-07-09', 72),
	(10853, 198, '2001-07-08', 143),
	(10854, 245, '2001-07-07', 42),
	(10855, 201, '2001-06-25', 44),
	(10856, 179, '2001-07-08', 72),
	(10857, 219, '2001-07-16', 73),
	(10858, 204, '2001-07-05', 82),
	(10859, 240, '2001-07-13', 106),
	(10860, 245, '2001-06-21', 42),
	(10861, 215, '2001-06-19', 81),
	(10862, 204, '2001-07-16', 82),
	(10863, 204, '2001-07-08', 82),
	(10864, 179, '2001-07-21', 72),
	(10865, 223, '2001-07-18', 72),
	(10866, 198, '2001-07-08', 143),
	(10867, 223, '2001-07-19', 72),
	(10868, 201, '2001-06-25', 44),
	(10869, 185, '2001-06-25', 73),
	(10870, 219, '2001-07-04', 73),
	(10871, 198, '2001-07-04', 143),
	(10872, 223, '2001-06-28', 72),
	(10873, 219, '2001-07-06', 73),
	(10874, 204, '2001-07-22', 82),
	(10875, 198, '2001-07-22', 143),
	(10876, 179, '2001-07-23', 72),
	(10877, 245, '2001-07-25', 42),
	(10878, 198, '2001-07-14', 143),
	(10879, 223, '2001-07-04', 72),
	(10880, 201, '2001-07-22', 44),
	(10881, 185, '2001-07-10', 73),
	(10882, 219, '2001-06-28', 73),
	(10883, 204, '2001-07-12', 82),
	(10884, 240, '2001-07-30', 106),
	(10885, 245, '2001-07-08', 42),
	(10886, 215, '2001-07-16', 81),
	(10887, 204, '2001-08-01', 82),
	(10888, 198, '2001-07-22', 143),
	(10889, 179, '2001-07-18', 72),
	(10890, 223, '2001-07-15', 72),
	(10891, 198, '2001-07-14', 143),
	(10892, 223, '2001-07-16', 72),
	(10893, 201, '2001-07-22', 44),
	(10894, 185, '2001-07-20', 73),
	(10895, 219, '2001-07-17', 73),
	(10896, 198, '2001-07-21', 143),
	(10897, 245, '2001-08-08', 42),
	(10898, 215, '2001-07-13', 81),
	(10899, 198, '2001-07-15', 143),
	(10900, 185, '2001-07-23', 73),
	(10901, 245, '2001-07-20', 42),
	(10902, 198, '2001-07-19', 143),
	(10903, 223, '2001-07-21', 72),
	(10904, 201, '2001-08-08', 44),
	(10905, 179, '2001-07-28', 72),
	(10906, 219, '2001-07-29', 73),
	(10907, 204, '2001-07-28', 82),
	(10908, 240, '2001-08-05', 106),
	(10909, 245, '2001-07-04', 42),
	(10910, 215, '2001-07-13', 81),
	(10911, 204, '2001-08-03', 82),
	(10912, 198, '2001-07-12', 143),
	(10913, 179, '2001-08-03', 72),
	(10914, 240, '2001-08-05', 106),
	(10915, 198, '2001-07-25', 143),
	(10916, 223, '2001-07-31', 72),
	(10917, 201, '2001-07-18', 44),
	(10918, 185, '2001-07-21', 73),
	(10919, 219, '2001-07-02', 73),
	(10920, 204, '2001-07-16', 82),
	(10921, 240, '2001-08-03', 106),
	(10922, 245, '2001-07-13', 42),
	(10923, 215, '2001-07-21', 81),
	(10924, 204, '2001-08-06', 82),
	(10925, 198, '2001-07-29', 143),
	(10926, 179, '2001-08-06', 72),
	(10927, 245, '2001-08-09', 42),
	(10928, 198, '2001-07-29', 143),
	(10929, 223, '2001-07-14', 72),
	(10930, 201, '2001-07-06', 44),
	(10931, 179, '2001-07-19', 72),
	(10932, 219, '2001-07-12', 73),
	(10933, 204, '2001-07-26', 82),
	(10934, 240, '2001-08-13', 106),
	(10935, 245, '2001-07-22', 42),
	(10936, 215, '2001-07-30', 81),
	(10937, 204, '2001-07-31', 82),
	(10938, 198, '2001-07-29', 143),
	(10939, 179, '2001-08-01', 72),
	(10940, 245, '2001-07-29', 42),
	(10941, 198, '2001-07-28', 143),
	(10942, 223, '2001-07-28', 72),
	(10943, 201, '2001-07-16', 44),
	(10944, 185, '2001-08-04', 73),
	(10945, 219, '2001-07-21', 73),
	(10946, 198, '2001-08-04', 143),
	(10947, 245, '2001-07-29', 42),
	(10948, 215, '2001-08-01', 81),
	(10949, 198, '2001-07-29', 143),
	(10950, 179, '2001-08-06', 72),
	(10951, 223, '2001-08-03', 72),
	(10952, 198, '2001-08-02', 143),
	(10953, 245, '2001-07-31', 42),
	(10954, 201, '2001-07-21', 44),
	(10955, 179, '2001-08-03', 72),
	(10956, 219, '2001-07-25', 73),
	(10957, 204, '2001-08-08', 82),
	(10958, 240, '2001-07-21', 106),
	(10959, 245, '2001-08-10', 42),
	(10960, 215, '2001-07-30', 81),
	(10961, 204, '2001-08-06', 82),
	(10962, 179, '2001-08-13', 72),
	(10963, 223, '2001-08-17', 72),
	(10964, 198, '2001-08-01', 143),
	(10965, 223, '2001-08-12', 72),
	(10966, 201, '2001-07-28', 44),
	(10967, 179, '2001-07-31', 72),
	(10968, 219, '2001-08-07', 73),
	(10969, 198, '2001-08-12', 143),
	(10970, 245, '2001-08-02', 42),
	(10971, 219, '2001-07-20', 73),
	(10972, 204, '2001-08-21', 82),
	(10973, 198, '2001-08-17', 143),
	(10974, 179, '2001-08-20', 72),
	(10975, 245, '2001-08-23', 42),
	(10976, 204, '2001-08-17', 82),
	(10977, 223, '2001-08-15', 72),
	(10978, 198, '2001-08-24', 143),
	(10979, 185, '2001-08-03', 73),
	(10980, 219, '2001-08-04', 73),
	(10981, 204, '2001-08-03', 82),
	(10982, 240, '2001-08-21', 106),
	(10983, 245, '2001-07-30', 42),
	(10984, 215, '2001-08-12', 81),
	(10985, 204, '2001-08-23', 82),
	(10986, 198, '2001-08-23', 143),
	(10987, 179, '2001-08-25', 72),
	(10988, 223, '2001-08-23', 72),
	(10989, 198, '2001-07-28', 143),
	(10990, 223, '2001-08-14', 72),
	(10991, 201, '2001-08-14', 44),
	(10992, 185, '2001-08-15', 73),
	(10993, 219, '2001-08-08', 73),
	(10994, 198, '2001-08-13', 143),
	(10995, 245, '2001-08-31', 42),
	(10996, 215, '2001-08-15', 81),
	(10997, 198, '2001-08-07', 143),
	(10998, 185, '2001-08-25', 73),
	(10999, 198, '2001-08-09', 143),
	(11000, 201, '2001-07-25', 44),
	(11001, 219, '2001-08-11', 73),
	(11002, 204, '2001-08-10', 82),
	(11003, 240, '2001-08-28', 106),
	(11004, 245, '2001-08-06', 42),
	(11005, 215, '2001-08-15', 81),
	(11006, 179, '2001-09-01', 72),
	(11007, 223, '2001-08-29', 72),
	(11008, 198, '2001-08-18', 143),
	(11009, 223, '2001-08-08', 72),
	(11010, 201, '2001-07-27', 44),
	(11011, 219, '2001-07-29', 73),
	(11012, 204, '2001-08-12', 82),
	(11013, 240, '2001-08-30', 106),
	(11014, 245, '2001-08-08', 42),
	(11015, 204, '2001-08-30', 82),
	(11016, 198, '2001-08-29', 143),
	(11017, 179, '2001-09-04', 72),
	(11018, 245, '2001-08-22', 42),
	(11019, 198, '2001-08-02', 143),
	(11020, 223, '2001-07-31', 72),
	(11021, 201, '2001-07-23', 44),
	(11022, 179, '2001-08-05', 72),
	(11023, 219, '2001-07-27', 73),
	(11024, 204, '2001-08-17', 82),
	(11025, 215, '2001-08-07', 81),
	(11026, 204, '2001-09-02', 82),
	(11027, 198, '2001-08-31', 143),
	(11028, 179, '2001-08-28', 72),
	(11029, 223, '2001-08-12', 72),
	(11030, 201, '2001-07-29', 44),
	(11031, 185, '2001-08-09', 73),
	(11032, 219, '2001-08-03', 73),
	(11033, 198, '2001-08-17', 143),
	(11034, 245, '2001-08-11', 42),
	(11035, 215, '2001-08-24', 81),
	(11036, 198, '2001-09-01', 143),
	(11037, 179, '2001-09-03', 72),
	(11038, 223, '2001-09-01', 72),
	(11039, 198, '2001-08-06', 143),
	(11040, 245, '2001-08-10', 42),
	(11041, 201, '2001-08-05', 44),
	(11042, 179, '2001-08-24', 72),
	(11043, 219, '2001-08-09', 73),
	(11044, 204, '2001-08-24', 82),
	(11045, 240, '2001-09-11', 106),
	(11046, 245, '2001-08-20', 42),
	(11047, 215, '2001-08-28', 81),
	(11048, 204, '2001-08-24', 82),
	(11049, 179, '2001-08-23', 72),
	(11050, 223, '2001-08-31', 72),
	(11051, 198, '2001-08-24', 143),
	(11052, 223, '2001-08-23', 72),
	(11053, 201, '2001-08-12', 44),
	(11054, 185, '2001-08-31', 73),
	(11055, 219, '2001-08-31', 73),
	(11056, 198, '2001-08-30', 143),
	(11057, 223, '2001-08-24', 72),
	(11058, 219, '2001-08-23', 73),
	(11059, 204, '2001-08-29', 82),
	(11060, 198, '2001-08-28', 143),
	(11061, 179, '2001-08-29', 72),
	(11062, 245, '2001-08-31', 42),
	(11063, 198, '2001-09-01', 143),
	(11064, 223, '2001-08-27', 72),
	(11065, 201, '2001-09-18', 44),
	(11066, 185, '2001-09-07', 73),
	(11067, 219, '2001-08-24', 73),
	(11068, 204, '2001-08-28', 82),
	(11069, 240, '2001-09-05', 106),
	(11070, 245, '2001-08-14', 42),
	(11071, 215, '2001-08-22', 81),
	(11072, 204, '2001-09-08', 82),
	(11073, 198, '2001-09-06', 143),
	(11074, 179, '2001-09-08', 72),
	(11075, 223, '2001-09-16', 72),
	(11076, 198, '2001-09-09', 143),
	(11077, 223, '2001-09-13', 72),
	(11078, 201, '2001-09-07', 44),
	(11079, 185, '2001-08-29', 73),
	(11080, 219, '2001-08-17', 73),
	(11081, 198, '2001-09-04', 143),
	(11082, 245, '2001-09-14', 42),
	(11083, 215, '2001-09-03', 81),
	(11084, 198, '2001-09-08', 143),
	(11085, 185, '2001-09-13', 73),
	(11086, 245, '2001-09-21', 42),
	(11087, 198, '2001-09-14', 143),
	(11088, 223, '2001-09-07', 72),
	(11089, 201, '2001-09-13', 44),
	(11090, 179, '2001-09-02', 72),
	(11091, 219, '2001-09-02', 73),
	(11092, 204, '2001-09-01', 82),
	(11093, 240, '2001-09-19', 106),
	(11094, 245, '2001-08-29', 42),
	(11095, 215, '2001-08-31', 81),
	(11096, 204, '2001-09-28', 82),
	(11097, 198, '2001-09-03', 143),
	(11098, 179, '2001-09-17', 72),
	(11099, 240, '2001-09-10', 106),
	(11100, 198, '2001-08-26', 143),
	(11101, 223, '2001-09-03', 72),
	(11102, 201, '2001-08-22', 44),
	(11103, 185, '2001-09-04', 73),
	(11104, 219, '2001-08-27', 73),
	(11105, 204, '2001-09-10', 82),
	(11106, 240, '2001-09-28', 106),
	(11107, 245, '2001-09-06', 42),
	(11108, 215, '2001-09-10', 81),
	(11109, 204, '2001-09-11', 82),
	(11110, 198, '2001-09-09', 143),
	(11111, 179, '2001-09-16', 72),
	(11112, 245, '2001-09-19', 42),
	(11113, 198, '2001-09-03', 143),
	(11114, 223, '2001-09-14', 72),
	(11115, 201, '2001-08-31', 44),
	(11116, 179, '2001-09-18', 72),
	(11117, 219, '2001-09-21', 73),
	(11118, 204, '2001-09-10', 82),
	(11119, 240, '2001-09-18', 106),
	(11120, 245, '2001-08-27', 42),
	(11121, 215, '2001-09-09', 81),
	(11122, 204, '2001-09-04', 82),
	(11123, 198, '2001-09-19', 143),
	(11124, 179, '2001-09-26', 72),
	(11125, 245, '2001-09-23', 42),
	(11126, 198, '2001-09-13', 143),
	(11127, 223, '2001-09-17', 72),
	(11128, 201, '2001-08-31', 44),
	(11129, 185, '2001-09-08', 73),
	(11130, 219, '2001-08-25', 73),
	(11131, 198, '2001-09-08', 143),
	(11132, 179, '2001-09-07', 72),
	(11133, 219, '2001-09-16', 73),
	(11134, 204, '2001-09-15', 82),
	(11135, 240, '2001-09-05', 106),
	(11136, 245, '2001-10-05', 42),
	(11137, 215, '2001-09-29', 81),
	(11141, 245, '2001-09-16', 42),
	(11142, 198, '2001-09-01', 143),
	(11143, 223, '2001-09-12', 72),
	(11144, 201, '2001-08-27', 44),
	(11145, 179, '2001-09-12', 72),
	(11146, 219, '2001-09-03', 73),
	(11147, 204, '2001-09-14', 82),
	(11148, 240, '2001-10-01', 106),
	(11149, 245, '2001-08-21', 42),
	(11150, 215, '2001-09-02', 81),
	(11151, 204, '2001-09-26', 82),
	(11152, 198, '2001-09-14', 143),
	(11153, 179, '2001-10-01', 72),
	(11154, 223, '2001-10-06', 72),
	(11155, 198, '2001-09-15', 143),
	(11156, 223, '2001-09-25', 72),
	(11157, 201, '2001-08-31', 44),
	(11158, 185, '2001-09-05', 73),
	(11159, 219, '2001-08-18', 73),
	(11160, 204, '2001-09-08', 82),
	(11161, 240, '2001-10-05', 106),
	(11162, 245, '2001-09-02', 42),
	(11163, 215, '2001-09-09', 81),
	(11164, 204, '2001-10-08', 82),
	(11165, 198, '2001-09-27', 143),
	(11166, 179, '2001-10-09', 72),
	(11167, 245, '2001-10-02', 42),
	(11168, 198, '2001-09-16', 143),
	(11169, 223, '2001-09-04', 72),
	(11170, 201, '2001-08-23', 44),
	(11171, 179, '2001-09-09', 72),
	(11172, 219, '2001-09-15', 73),
	(11173, 204, '2001-09-21', 82),
	(11174, 240, '2001-10-19', 106),
	(11175, 245, '2001-09-16', 42),
	(11176, 215, '2001-09-13', 81),
	(11177, 204, '2001-10-12', 82),
	(11178, 198, '2001-09-26', 143),
	(11179, 179, '2001-09-23', 72),
	(11180, 223, '2001-09-26', 72),
	(11181, 198, '2001-09-20', 143),
	(11182, 223, '2001-09-20', 72),
	(11183, 201, '2001-09-05', 44),
	(11184, 185, '2001-09-29', 73),
	(11185, 219, '2001-09-12', 73),
	(11186, 198, '2001-10-03', 143),
	(11187, 245, '2001-09-14', 42),
	(11188, 215, '2001-09-11', 81),
	(11189, 198, '2001-09-16', 143),
	(11190, 179, '2001-09-28', 72),
	(11191, 223, '2001-10-02', 72),
	(11192, 198, '2001-09-26', 143),
	(11193, 245, '2001-09-27', 42),
	(11194, 201, '2001-09-11', 44),
	(11195, 179, '2001-09-29', 72),
	(11196, 219, '2001-10-04', 73),
	(11197, 204, '2001-09-30', 82),
	(11198, 240, '2001-10-17', 106),
	(11199, 245, '2001-09-04', 42),
	(11200, 215, '2001-09-01', 81),
	(11201, 204, '2001-10-11', 82),
	(11202, 204, '2001-09-29', 82),
	(11203, 179, '2001-10-16', 72),
	(11204, 223, '2001-10-14', 72),
	(11205, 198, '2001-09-29', 143),
	(11206, 223, '2001-10-12', 72),
	(11207, 201, '2001-09-14', 44),
	(11208, 185, '2001-09-19', 73),
	(11209, 219, '2001-09-15', 73),
	(11210, 198, '2001-09-22', 143),
	(11211, 223, '2001-09-13', 72),
	(11212, 219, '2001-09-20', 73),
	(11213, 204, '2001-10-19', 82),
	(11214, 198, '2001-10-15', 143),
	(11215, 179, '2001-10-20', 72),
	(11216, 245, '2001-10-23', 42),
	(11217, 198, '2001-10-07', 143),
	(11218, 223, '2001-09-29', 72),
	(11219, 201, '2001-10-18', 44),
	(11220, 185, '2001-09-26', 73),
	(11221, 219, '2001-09-11', 73),
	(11222, 204, '2001-10-02', 82),
	(11223, 240, '2001-10-29', 106),
	(11224, 245, '2001-09-26', 42),
	(11225, 215, '2001-10-03', 81),
	(11226, 204, '2001-11-01', 82),
	(11227, 198, '2001-10-18', 143),
	(11228, 179, '2001-10-18', 72),
	(11229, 223, '2001-10-06', 72),
	(11230, 198, '2001-09-30', 143),
	(11231, 223, '2001-10-07', 72),
	(11232, 201, '2001-10-16', 44),
	(11233, 185, '2001-10-09', 73),
	(11234, 219, '2001-10-05', 73),
	(11235, 198, '2001-10-14', 143),
	(11236, 245, '2001-11-10', 42),
	(11237, 215, '2001-10-02', 81),
	(11238, 198, '2001-10-10', 143),
	(11239, 185, '2001-10-14', 73),
	(11240, 245, '2001-10-12', 42),
	(11241, 198, '2001-10-06', 143),
	(11242, 223, '2001-10-10', 72),
	(11243, 201, '2001-11-08', 44),
	(11244, 179, '2001-10-18', 72),
	(11245, 219, '2001-10-16', 73),
	(11246, 204, '2001-10-22', 82),
	(11247, 240, '2001-11-08', 106),
	(11248, 245, '2001-09-26', 42),
	(11249, 215, '2001-09-26', 81),
	(11250, 204, '2001-10-31', 82),
	(11251, 198, '2001-09-26', 143),
	(11252, 179, '2001-10-28', 72),
	(11253, 240, '2001-10-31', 106),
	(11254, 198, '2001-10-15', 143),
	(11255, 223, '2001-10-23', 72),
	(11256, 201, '2001-10-06', 44),
	(11257, 185, '2001-10-14', 73),
	(11258, 219, '2001-09-22', 73),
	(11259, 204, '2001-10-03', 82),
	(11260, 240, '2001-10-30', 106),
	(11261, 245, '2001-09-28', 42),
	(11262, 215, '2001-10-05', 81),
	(11263, 204, '2001-11-03', 82),
	(11264, 198, '2001-10-22', 143),
	(11265, 179, '2001-11-03', 72),
	(11266, 245, '2001-11-07', 42),
	(11267, 198, '2001-10-22', 143),
	(11268, 223, '2001-10-09', 72),
	(11269, 201, '2001-09-17', 44),
	(11270, 179, '2001-10-05', 72),
	(11271, 219, '2001-09-25', 73),
	(11272, 204, '2001-10-16', 82),
	(11273, 240, '2001-11-12', 106),
	(11274, 245, '2001-10-10', 42),
	(11275, 215, '2001-10-17', 81),
	(11276, 204, '2001-10-23', 82),
	(11277, 198, '2001-10-25', 143),
	(11278, 179, '2001-11-01', 72),
	(11279, 245, '2001-10-20', 42),
	(11280, 198, '2001-10-14', 143),
	(11281, 223, '2001-10-16', 72),
	(11282, 201, '2001-09-30', 44),
	(11283, 185, '2001-10-24', 73),
	(11284, 219, '2001-10-07', 73),
	(11285, 198, '2001-10-28', 143),
	(11286, 245, '2001-10-19', 42),
	(11287, 215, '2001-10-21', 81),
	(11288, 198, '2001-10-26', 143),
	(11289, 179, '2001-10-28', 72),
	(11290, 223, '2001-10-26', 72),
	(11291, 198, '2001-10-20', 143),
	(11292, 245, '2001-10-20', 42),
	(11293, 201, '2001-10-06', 44),
	(11294, 179, '2001-10-24', 72),
	(11295, 219, '2001-10-12', 73),
	(11296, 204, '2001-11-02', 82),
	(11297, 240, '2001-10-10', 106),
	(11298, 245, '2001-11-14', 42),
	(11299, 215, '2001-10-11', 81),
	(11300, 204, '2001-10-26', 82),
	(11301, 179, '2001-11-06', 72),
	(11302, 223, '2001-11-11', 72),
	(11303, 198, '2001-10-21', 143),
	(11304, 223, '2001-11-06', 72),
	(11305, 201, '2001-10-15', 44),
	(11306, 179, '2001-10-19', 72),
	(11307, 219, '2001-10-27', 73),
	(11308, 198, '2001-11-16', 143),
	(11309, 245, '2001-10-16', 42),
	(11310, 219, '2001-10-02', 73),
	(11311, 204, '2001-11-19', 82),
	(11312, 198, '2001-11-11', 143),
	(11313, 179, '2001-11-15', 72),
	(11314, 245, '2001-11-19', 42),
	(11315, 204, '2001-11-08', 82),
	(11316, 223, '2001-11-08', 72),
	(11317, 198, '2001-11-28', 143),
	(11318, 185, '2001-10-28', 73),
	(11319, 219, '2001-10-16', 73),
	(11320, 204, '2001-10-22', 82),
	(11321, 240, '2001-11-18', 106),
	(11322, 245, '2001-10-16', 42),
	(11323, 215, '2001-10-28', 81),
	(11324, 204, '2001-11-21', 82),
	(11325, 198, '2001-11-17', 143),
	(11326, 179, '2001-11-23', 72),
	(11327, 223, '2001-11-22', 72),
	(11328, 198, '2001-10-22', 143),
	(11329, 223, '2001-11-03', 72),
	(11330, 201, '2001-11-06', 44),
	(11331, 185, '2001-11-02', 73),
	(11332, 219, '2001-10-25', 73),
	(11333, 198, '2001-11-04', 143),
	(11334, 245, '2001-12-01', 42),
	(11335, 215, '2001-11-02', 81),
	(11336, 198, '2001-10-26', 143),
	(11337, 185, '2001-11-24', 73),
	(11338, 198, '2001-11-03', 143),
	(11339, 201, '2001-10-06', 44),
	(11340, 219, '2001-10-24', 73),
	(11341, 204, '2001-10-30', 82),
	(11342, 240, '2001-11-26', 106),
	(11343, 245, '2001-10-24', 42),
	(11344, 215, '2001-11-01', 81),
	(11345, 179, '2001-11-29', 72),
	(11346, 223, '2001-11-27', 72),
	(11347, 198, '2001-11-11', 143),
	(11348, 223, '2001-11-03', 72),
	(11349, 201, '2001-10-08', 44),
	(11350, 219, '2001-10-11', 73),
	(11351, 204, '2001-11-01', 82),
	(11352, 240, '2001-11-28', 106),
	(11353, 245, '2001-10-26', 42),
	(11354, 204, '2001-11-28', 82),
	(11355, 198, '2001-11-23', 143),
	(11356, 179, '2001-12-03', 72),
	(11357, 245, '2001-11-21', 42),
	(11358, 198, '2001-10-27', 143),
	(11359, 223, '2001-10-17', 72),
	(11360, 201, '2001-10-05', 44),
	(11361, 179, '2001-10-23', 72),
	(11362, 219, '2001-10-11', 73),
	(11363, 204, '2001-11-08', 82),
	(11364, 215, '2001-10-24', 81),
	(11365, 204, '2001-12-02', 82),
	(11366, 198, '2001-11-26', 143),
	(11367, 179, '2001-11-27', 72),
	(11368, 223, '2001-11-07', 72),
	(11369, 201, '2001-10-10', 44),
	(11370, 185, '2001-10-26', 73),
	(11371, 219, '2001-10-17', 73),
	(11372, 198, '2001-11-07', 143),
	(11373, 245, '2001-10-29', 42),
	(11374, 215, '2001-11-10', 81),
	(11375, 198, '2001-11-26', 143),
	(11376, 179, '2001-12-02', 72),
	(11377, 223, '2001-12-01', 72),
	(11378, 198, '2001-10-31', 143),
	(11379, 245, '2001-10-27', 42),
	(11380, 201, '2001-10-18', 44),
	(11381, 179, '2001-11-11', 72),
	(11382, 219, '2001-10-24', 73),
	(11383, 204, '2001-11-15', 82),
	(11384, 240, '2001-12-12', 106),
	(11385, 245, '2001-11-09', 42),
	(11386, 215, '2001-11-16', 81),
	(11387, 204, '2001-11-20', 82),
	(11388, 179, '2001-11-23', 72),
	(11389, 223, '2001-11-22', 72),
	(11390, 198, '2001-11-10', 143),
	(11391, 223, '2001-11-11', 72),
	(11392, 201, '2001-10-27', 44),
	(11393, 185, '2001-11-20', 73),
	(11394, 219, '2001-11-17', 73),
	(11395, 198, '2001-11-23', 143),
	(11396, 223, '2001-11-14', 72),
	(11397, 219, '2001-11-12', 73),
	(11398, 204, '2001-12-01', 82),
	(11399, 198, '2001-11-16', 143),
	(11400, 179, '2001-11-21', 72),
	(11401, 245, '2001-11-24', 42),
	(11402, 198, '2001-11-20', 143),
	(11403, 223, '2001-11-17', 72),
	(11404, 201, '2001-12-20', 44),
	(11405, 185, '2001-11-29', 73),
	(11406, 219, '2001-11-12', 73),
	(11407, 204, '2001-11-23', 82),
	(11408, 240, '2001-12-10', 106),
	(11409, 245, '2001-10-28', 42),
	(11410, 215, '2001-11-04', 81),
	(11411, 204, '2001-12-04', 82),
	(11412, 198, '2001-11-28', 143),
	(11413, 179, '2001-12-04', 72),
	(11414, 223, '2001-12-13', 72),
	(11415, 198, '2001-12-01', 143),
	(11416, 223, '2001-12-10', 72),
	(11417, 201, '2001-12-07', 44),
	(11418, 185, '2001-11-23', 73),
	(11419, 219, '2001-10-31', 73),
	(11420, 198, '2001-11-23', 143),
	(11421, 245, '2001-12-12', 42),
	(11422, 215, '2001-11-18', 81),
	(11423, 198, '2001-11-29', 143),
	(11424, 185, '2001-12-10', 73),
	(11425, 245, '2001-12-19', 42),
	(11426, 198, '2001-12-07', 143),
	(11427, 223, '2001-12-02', 72),
	(11428, 201, '2001-12-19', 44),
	(11429, 179, '2001-11-18', 72),
	(11430, 219, '2001-11-15', 73),
	(11431, 204, '2001-11-21', 82),
	(11432, 240, '2001-12-18', 106),
	(11433, 245, '2001-11-16', 42),
	(11434, 215, '2001-11-19', 81),
	(11435, 204, '2001-12-31', 82),
	(11436, 198, '2001-11-23', 143),
	(11437, 179, '2001-12-17', 72),
	(11438, 240, '2001-12-11', 106),
	(11439, 198, '2001-11-11', 143),
	(11440, 223, '2001-11-21', 72),
	(11441, 201, '2001-11-05', 44),
	(11442, 185, '2001-11-23', 73),
	(11443, 219, '2001-11-12', 73),
	(11444, 204, '2001-12-03', 82),
	(11445, 240, '2001-12-30', 106),
	(11446, 245, '2001-11-27', 42),
	(11447, 215, '2001-11-30', 81),
	(11448, 204, '2001-12-14', 82),
	(11449, 198, '2001-11-28', 143),
	(11450, 179, '2001-12-09', 72),
	(11451, 245, '2001-12-13', 42),
	(11452, 198, '2001-11-22', 143),
	(11453, 223, '2001-12-05', 72),
	(11454, 201, '2001-11-17', 44),
	(11455, 179, '2001-12-10', 72),
	(11456, 219, '2001-12-10', 73),
	(11457, 204, '2001-12-06', 82),
	(11458, 240, '2001-12-23', 106),
	(11459, 245, '2001-11-10', 42),
	(11460, 215, '2001-11-22', 81),
	(11461, 204, '2001-11-22', 82),
	(11462, 198, '2001-12-11', 143),
	(11463, 179, '2001-12-22', 72),
	(11464, 245, '2001-12-20', 42),
	(11465, 198, '2001-12-05', 143),
	(11466, 223, '2001-12-11', 72),
	(11467, 201, '2001-11-20', 44),
	(11468, 185, '2001-12-03', 73),
	(11469, 219, '2001-11-06', 73),
	(11470, 198, '2001-11-27', 143),
	(11471, 179, '2001-11-25', 72),
	(11472, 219, '2001-12-01', 73),
	(11473, 204, '2001-12-07', 82),
	(11474, 240, '2001-11-22', 106),
	(11475, 245, '2002-01-06', 42),
	(11476, 215, '2001-12-28', 81),
	(11480, 245, '2001-12-09', 42),
	(11481, 198, '2001-11-19', 143),
	(11482, 223, '2001-12-02', 72),
	(11483, 201, '2001-11-12', 44),
	(11484, 179, '2001-12-03', 72),
	(11485, 219, '2001-11-21', 73),
	(11486, 204, '2001-12-09', 82),
	(11487, 240, '2002-01-04', 106),
	(11488, 245, '2001-11-13', 42),
	(11489, 215, '2001-11-14', 81),
	(11490, 204, '2001-12-21', 82),
	(11491, 198, '2001-12-05', 143),
	(11492, 179, '2001-12-26', 72),
	(11493, 223, '2002-01-01', 72),
	(11494, 198, '2001-12-06', 143),
	(11495, 223, '2001-12-18', 72),
	(11496, 201, '2001-11-19', 44),
	(11497, 185, '2001-11-29', 73),
	(11498, 219, '2001-11-08', 73),
	(11499, 204, '2001-11-26', 82),
	(11500, 240, '2002-01-01', 106),
	(11501, 245, '2001-11-18', 42),
	(11502, 215, '2001-11-24', 81),
	(11503, 204, '2002-01-05', 82),
	(11504, 198, '2001-12-21', 143),
	(11505, 179, '2002-01-06', 72),
	(11506, 245, '2001-12-31', 42),
	(11507, 198, '2001-12-10', 143),
	(11508, 223, '2001-11-30', 72),
	(11509, 201, '2001-11-04', 44),
	(11510, 179, '2001-11-26', 72),
	(11511, 219, '2001-11-29', 73),
	(11512, 204, '2001-12-12', 82),
	(11513, 240, '2002-01-18', 106),
	(11514, 245, '2001-12-05', 42),
	(11515, 215, '2001-12-01', 81),
	(11516, 204, '2002-01-12', 82),
	(11517, 198, '2001-12-23', 143),
	(11518, 179, '2001-12-24', 72),
	(11519, 223, '2001-12-18', 72),
	(11520, 198, '2001-12-07', 143),
	(11521, 223, '2001-12-09', 72),
	(11522, 201, '2001-11-20', 44),
	(11523, 185, '2001-12-19', 73),
	(11524, 219, '2001-11-29', 73),
	(11525, 198, '2001-12-27', 143),
	(11526, 245, '2001-12-05', 42),
	(11527, 215, '2001-12-01', 81),
	(11528, 198, '2001-12-14', 143),
	(11529, 179, '2001-12-20', 72),
	(11530, 223, '2001-12-25', 72),
	(11531, 198, '2001-12-14', 143),
	(11532, 245, '2001-12-17', 42),
	(11533, 201, '2001-11-27', 44),
	(11534, 179, '2001-12-20', 72),
	(11535, 219, '2001-12-22', 73),
	(11536, 204, '2001-12-25', 82),
	(11537, 240, '2002-01-20', 106),
	(11538, 245, '2001-11-27', 42),
	(11539, 215, '2001-11-13', 81),
	(11540, 204, '2002-01-05', 82),
	(11541, 204, '2001-12-20', 82),
	(11542, 179, '2002-01-10', 72),
	(11543, 223, '2002-01-09', 72),
	(11544, 198, '2001-12-20', 143),
	(11545, 223, '2002-01-04', 72),
	(11546, 201, '2001-12-03', 44),
	(11547, 185, '2001-12-13', 73),
	(11548, 219, '2001-12-06', 73),
	(11549, 198, '2001-12-10', 143),
	(11550, 223, '2001-11-28', 72),
	(11551, 219, '2001-12-04', 73),
	(11552, 204, '2002-01-15', 82),
	(11553, 198, '2002-01-07', 143),
	(11554, 179, '2002-01-16', 72),
	(11555, 245, '2002-01-20', 42),
	(11556, 198, '2001-12-30', 143),
	(11557, 223, '2001-12-24', 72),
	(11558, 201, '2002-01-23', 44),
	(11559, 185, '2001-12-12', 73),
	(11560, 219, '2001-11-24', 73),
	(11561, 204, '2001-12-22', 82),
	(11562, 240, '2002-01-27', 106),
	(11563, 245, '2001-12-14', 42),
	(11564, 215, '2001-12-20', 81),
	(11565, 204, '2002-01-31', 82),
	(11566, 198, '2002-01-13', 143),
	(11567, 179, '2002-01-17', 72),
	(11568, 223, '2002-01-06', 72),
	(11569, 198, '2001-12-16', 143),
	(11570, 223, '2001-12-28', 72),
	(11571, 201, '2002-01-09', 44),
	(11572, 185, '2001-12-28', 73),
	(11573, 219, '2001-12-23', 73),
	(11574, 198, '2002-01-06', 143),
	(11575, 245, '2002-02-11', 42),
	(11576, 215, '2001-12-21', 81),
	(11577, 198, '2002-01-04', 143),
	(11578, 185, '2002-01-14', 73),
	(11579, 245, '2002-01-03', 42),
	(11580, 198, '2001-12-23', 143),
	(11581, 223, '2001-12-29', 72),
	(11582, 201, '2002-02-07', 44),
	(11583, 179, '2002-01-07', 72),
	(11584, 219, '2002-01-02', 73),
	(11585, 204, '2002-01-15', 82),
	(11586, 240, '2002-02-10', 106),
	(11587, 245, '2001-12-18', 42),
	(11588, 215, '2001-12-19', 81),
	(11589, 204, '2002-01-27', 82),
	(11590, 198, '2001-12-10', 143),
	(11591, 179, '2002-01-21', 72),
	(11592, 240, '2002-01-25', 106),
	(11593, 198, '2002-01-04', 143),
	(11594, 223, '2002-01-14', 72),
	(11595, 201, '2001-12-24', 44),
	(11596, 185, '2002-01-06', 73),
	(11597, 219, '2001-12-12', 73),
	(11598, 204, '2001-12-30', 82),
	(11599, 240, '2002-01-25', 106),
	(11600, 245, '2001-12-13', 42),
	(11601, 215, '2001-12-19', 81),
	(11602, 204, '2002-01-30', 82),
	(11603, 198, '2002-01-14', 143),
	(11604, 179, '2002-01-30', 72),
	(11605, 245, '2002-02-04', 42),
	(11606, 198, '2002-01-14', 143),
	(11607, 223, '2002-01-03', 72),
	(11608, 201, '2001-12-08', 44),
	(11609, 179, '2001-12-21', 72),
	(11610, 219, '2001-12-08', 73),
	(11611, 204, '2002-01-05', 82),
	(11612, 240, '2002-02-10', 106),
	(11613, 245, '2001-12-28', 42),
	(11614, 215, '2002-01-03', 81),
	(11615, 204, '2002-01-14', 82),
	(11616, 198, '2002-01-20', 143),
	(11617, 179, '2002-01-31', 72),
	(11618, 245, '2002-01-20', 42),
	(11619, 198, '2001-12-30', 143),
	(11620, 223, '2002-01-03', 72),
	(11621, 201, '2001-12-14', 44),
	(11622, 185, '2002-01-12', 73),
	(11623, 219, '2001-12-23', 73),
	(11624, 198, '2002-01-20', 143),
	(11625, 245, '2002-01-08', 42),
	(11626, 215, '2002-01-09', 81),
	(11627, 198, '2002-01-22', 143),
	(11628, 179, '2002-01-28', 72),
	(11629, 223, '2002-01-17', 72),
	(11630, 198, '2002-01-06', 143),
	(11631, 245, '2002-01-08', 42),
	(11632, 201, '2001-12-21', 44),
	(11633, 179, '2002-01-13', 72),
	(11634, 219, '2001-12-29', 73),
	(11635, 204, '2002-01-26', 82),
	(11636, 240, '2001-12-29', 106),
	(11637, 245, '2002-02-17', 42),
	(11638, 215, '2002-01-01', 81),
	(11639, 204, '2002-01-14', 82),
	(11640, 179, '2002-01-29', 72),
	(11641, 223, '2002-02-04', 72),
	(11642, 198, '2002-01-09', 143),
	(11643, 223, '2002-01-30', 72),
	(11644, 201, '2002-01-01', 44),
	(11645, 179, '2002-01-06', 72),
	(11646, 219, '2002-01-15', 73),
	(11647, 198, '2002-02-19', 143),
	(11648, 245, '2002-01-08', 42),
	(11649, 219, '2001-12-14', 73),
	(11650, 204, '2002-02-16', 82),
	(11651, 198, '2002-02-04', 143),
	(11652, 179, '2002-02-09', 72),
	(11653, 245, '2002-02-14', 42),
	(11654, 204, '2002-01-29', 82),
	(11655, 223, '2002-01-31', 72),
	(11656, 198, '2002-03-03', 143),
	(11657, 185, '2002-01-21', 73),
	(11658, 219, '2002-01-06', 73),
	(11659, 204, '2002-01-09', 82),
	(11660, 240, '2002-02-14', 106),
	(11661, 245, '2002-01-01', 42),
	(11662, 215, '2002-01-12', 81),
	(11663, 204, '2002-02-18', 82),
	(11664, 198, '2002-02-10', 143),
	(11665, 179, '2002-02-20', 72),
	(11666, 223, '2002-02-20', 72),
	(11667, 198, '2002-01-15', 143),
	(11668, 223, '2002-02-01', 72),
	(11669, 201, '2002-01-28', 44),
	(11670, 185, '2002-01-19', 73),
	(11671, 219, '2002-01-10', 73),
	(11672, 198, '2002-01-25', 143),
	(11673, 245, '2002-03-02', 42),
	(11674, 215, '2002-01-19', 81),
	(11675, 198, '2002-01-13', 143),
	(11676, 185, '2002-02-22', 73),
	(11677, 198, '2002-01-27', 143),
	(11678, 201, '2001-12-27', 44),
	(11679, 219, '2002-01-05', 73),
	(11680, 204, '2002-01-18', 82),
	(11681, 240, '2002-02-23', 106),
	(11682, 245, '2002-01-10', 42),
	(11683, 215, '2002-01-17', 81),
	(11684, 179, '2002-02-25', 72),
	(11685, 223, '2002-02-24', 72),
	(11686, 198, '2002-02-03', 143),
	(11687, 223, '2002-01-28', 72),
	(11688, 201, '2001-12-29', 44),
	(11689, 219, '2001-12-23', 73),
	(11690, 204, '2002-01-20', 82),
	(11691, 240, '2002-02-25', 106),
	(11692, 245, '2002-01-12', 42),
	(11693, 204, '2002-02-25', 82),
	(11694, 198, '2002-02-16', 143),
	(11695, 179, '2002-03-02', 72),
	(11696, 245, '2002-02-19', 42),
	(11697, 198, '2002-01-20', 143),
	(11698, 223, '2002-01-12', 72),
	(11699, 201, '2001-12-17', 44),
	(11700, 179, '2002-01-09', 72),
	(11701, 219, '2001-12-25', 73),
	(11702, 204, '2002-01-29', 82),
	(11703, 215, '2002-01-09', 81),
	(11704, 204, '2002-03-02', 82),
	(11705, 198, '2002-02-20', 143),
	(11706, 179, '2002-02-25', 72),
	(11707, 223, '2002-02-01', 72),
	(11708, 201, '2001-12-31', 44),
	(11709, 185, '2002-01-11', 73),
	(11710, 219, '2001-12-30', 73),
	(11711, 198, '2002-01-27', 143),
	(11712, 245, '2002-01-15', 42),
	(11713, 215, '2002-01-26', 81),
	(11714, 198, '2002-02-19', 143),
	(11715, 179, '2002-03-01', 72),
	(11716, 223, '2002-03-01', 72),
	(11717, 198, '2002-01-24', 143),
	(11718, 245, '2002-01-22', 42),
	(11719, 201, '2001-12-30', 44),
	(11720, 179, '2002-01-28', 72),
	(11721, 219, '2002-01-07', 73),
	(11722, 204, '2002-02-05', 82),
	(11723, 240, '2002-03-13', 106),
	(11724, 245, '2002-01-28', 42),
	(11725, 215, '2002-02-03', 81),
	(11726, 204, '2002-02-15', 82),
	(11727, 179, '2002-02-22', 72),
	(11728, 223, '2002-02-22', 72),
	(11729, 198, '2002-01-26', 143),
	(11730, 223, '2002-01-29', 72),
	(11731, 201, '2002-01-10', 44),
	(11732, 185, '2002-02-08', 73),
	(11733, 219, '2002-02-02', 73),
	(11734, 198, '2002-02-15', 143),
	(11735, 223, '2002-02-03', 72),
	(11736, 219, '2002-01-31', 73),
	(11737, 204, '2002-03-04', 82),
	(11738, 198, '2002-02-13', 143),
	(11739, 179, '2002-02-12', 72),
	(11740, 245, '2002-02-16', 42),
	(11741, 198, '2002-02-07', 143),
	(11742, 223, '2002-02-06', 72),
	(11743, 201, '2002-03-22', 44),
	(11744, 185, '2002-02-19', 73),
	(11745, 219, '2002-01-30', 73),
	(11746, 204, '2002-02-17', 82),
	(11747, 240, '2002-03-15', 106),
	(11748, 245, '2002-01-20', 42),
	(11749, 215, '2002-01-16', 81),
	(11750, 204, '2002-02-28', 82),
	(11751, 198, '2002-02-18', 143),
	(11752, 179, '2002-02-28', 72),
	(11753, 223, '2002-03-10', 72),
	(11754, 198, '2002-02-21', 143),
	(11755, 223, '2002-03-07', 72),
	(11756, 201, '2002-03-07', 44),
	(11757, 185, '2002-02-16', 73),
	(11758, 219, '2002-01-23', 73),
	(11759, 198, '2002-02-10', 143),
	(11760, 245, '2002-03-10', 42),
	(11761, 215, '2002-02-01', 81),
	(11762, 198, '2002-02-18', 143),
	(11763, 185, '2002-03-07', 73),
	(11764, 245, '2002-03-17', 42),
	(11765, 198, '2002-02-28', 143),
	(11766, 223, '2002-02-25', 72),
	(11767, 201, '2002-03-25', 44),
	(11768, 179, '2002-02-12', 72),
	(11769, 219, '2002-01-27', 73),
	(11770, 204, '2002-02-09', 82),
	(11771, 240, '2002-03-17', 106),
	(11772, 245, '2002-02-02', 42),
	(11773, 215, '2002-02-06', 81),
	(11774, 204, '2002-04-03', 82),
	(11775, 198, '2002-02-11', 143),
	(11776, 179, '2002-03-17', 72),
	(11777, 240, '2002-03-12', 106),
	(11778, 198, '2002-02-05', 143),
	(11779, 223, '2002-02-07', 72),
	(11780, 201, '2002-01-18', 44),
	(11781, 185, '2002-02-10', 73),
	(11782, 219, '2002-01-27', 73),
	(11783, 204, '2002-02-24', 82),
	(11784, 240, '2002-04-01', 106),
	(11785, 245, '2002-02-16', 42),
	(11786, 215, '2002-02-18', 81),
	(11787, 204, '2002-03-17', 82),
	(11788, 198, '2002-02-25', 143),
	(11789, 179, '2002-03-02', 72),
	(11790, 245, '2002-03-07', 42),
	(11791, 198, '2002-02-09', 143),
	(11792, 223, '2002-02-24', 72),
	(11793, 201, '2002-02-02', 44),
	(11794, 179, '2002-03-02', 72),
	(11795, 219, '2002-02-27', 73),
	(11796, 204, '2002-03-02', 82),
	(11797, 240, '2002-03-28', 106),
	(11798, 245, '2002-02-02', 42),
	(11799, 215, '2002-02-03', 81),
	(11800, 204, '2002-02-08', 82),
	(11801, 198, '2002-03-03', 143),
	(11802, 179, '2002-03-18', 72),
	(11803, 245, '2002-03-17', 42),
	(11804, 198, '2002-02-25', 143),
	(11805, 223, '2002-03-05', 72),
	(11806, 201, '2002-02-08', 44),
	(11807, 185, '2002-02-26', 73),
	(11808, 219, '2002-01-27', 73),
	(11809, 198, '2002-02-14', 143),
	(11810, 179, '2002-02-11', 72),
	(11811, 219, '2002-02-14', 73),
	(11812, 204, '2002-02-27', 82),
	(11813, 240, '2002-02-07', 106),
	(11814, 245, '2002-04-08', 42),
	(11815, 215, '2002-03-27', 81),
	(11819, 245, '2002-03-02', 42),
	(11820, 198, '2002-02-05', 143),
	(11821, 223, '2002-02-20', 72),
	(11822, 201, '2002-01-27', 44),
	(11823, 179, '2002-02-22', 72),
	(11824, 219, '2002-02-07', 73),
	(11825, 204, '2002-03-04', 82),
	(11826, 240, '2002-04-08', 106),
	(11827, 245, '2002-02-04', 42),
	(11828, 215, '2002-02-04', 81),
	(11829, 204, '2002-03-16', 82),
	(11830, 198, '2002-02-24', 143),
	(11831, 179, '2002-03-21', 72),
	(11832, 223, '2002-03-28', 72),
	(11833, 198, '2002-02-25', 143),
	(11834, 223, '2002-03-11', 72),
	(11835, 201, '2002-02-06', 44),
	(11836, 185, '2002-02-21', 73),
	(11837, 219, '2002-01-28', 73),
	(11838, 204, '2002-02-22', 82),
	(11839, 240, '2002-03-29', 106),
	(11840, 245, '2002-02-02', 42),
	(11841, 215, '2002-02-07', 81),
	(11842, 204, '2002-04-03', 82),
	(11843, 198, '2002-03-15', 143),
	(11844, 179, '2002-04-04', 72),
	(11845, 245, '2002-03-30', 42),
	(11846, 198, '2002-03-04', 143),
	(11847, 223, '2002-02-24', 72),
	(11848, 201, '2002-01-25', 44),
	(11849, 179, '2002-02-11', 72),
	(11850, 219, '2002-02-11', 73),
	(11851, 204, '2002-03-03', 82),
	(11852, 240, '2002-04-18', 106),
	(11853, 245, '2002-02-22', 42),
	(11854, 215, '2002-02-17', 81),
	(11855, 204, '2002-04-13', 82),
	(11856, 198, '2002-03-20', 143),
	(11857, 179, '2002-03-25', 72),
	(11858, 223, '2002-03-20', 72),
	(11859, 198, '2002-02-22', 143),
	(11860, 223, '2002-02-26', 72),
	(11861, 201, '2002-02-03', 44),
	(11862, 185, '2002-03-09', 73),
	(11863, 219, '2002-02-14', 73),
	(11864, 198, '2002-03-21', 143),
	(11865, 245, '2002-02-24', 42),
	(11866, 215, '2002-02-19', 81),
	(11867, 198, '2002-03-12', 143),
	(11868, 179, '2002-03-22', 72),
	(11869, 223, '2002-03-18', 72),
	(11870, 198, '2002-03-02', 143),
	(11871, 245, '2002-03-07', 42),
	(11872, 201, '2002-02-11', 44),
	(11873, 179, '2002-03-11', 72),
	(11874, 219, '2002-03-10', 73),
	(11875, 204, '2002-03-20', 82),
	(11876, 240, '2002-04-24', 106),
	(11877, 245, '2002-02-18', 42),
	(11878, 215, '2002-02-03', 81),
	(11879, 204, '2002-03-31', 82),
	(11880, 204, '2002-03-11', 82),
	(11881, 179, '2002-04-05', 72),
	(11882, 223, '2002-04-05', 72),
	(11883, 198, '2002-03-11', 143),
	(11884, 223, '2002-03-28', 72),
	(11885, 201, '2002-02-20', 44),
	(11886, 185, '2002-03-07', 73),
	(11887, 219, '2002-02-25', 73),
	(11888, 198, '2002-03-08', 143),
	(11889, 223, '2002-02-11', 72),
	(11890, 219, '2002-02-16', 73),
	(11891, 204, '2002-04-12', 82),
	(11892, 198, '2002-03-31', 143),
	(11893, 179, '2002-04-13', 72),
	(11894, 245, '2002-04-18', 42),
	(11895, 198, '2002-03-23', 143),
	(11896, 223, '2002-03-19', 72),
	(11897, 201, '2002-04-29', 44),
	(11898, 185, '2002-03-08', 73),
	(11899, 219, '2002-02-05', 73),
	(11900, 204, '2002-03-12', 82),
	(11901, 240, '2002-04-26', 106),
	(11902, 245, '2002-03-02', 42),
	(11903, 215, '2002-03-07', 81),
	(11904, 204, '2002-05-01', 82),
	(11905, 198, '2002-04-09', 143),
	(11906, 179, '2002-04-17', 72),
	(11907, 223, '2002-04-07', 72),
	(11908, 198, '2002-03-12', 143),
	(11909, 223, '2002-03-19', 72),
	(11910, 201, '2002-04-03', 44),
	(11911, 185, '2002-03-17', 73),
	(11912, 219, '2002-03-11', 73),
	(11913, 198, '2002-03-30', 143),
	(11914, 245, '2002-05-14', 42),
	(11915, 215, '2002-03-10', 81),
	(11916, 198, '2002-03-30', 143),
	(11917, 185, '2002-04-15', 73),
	(11918, 245, '2002-04-05', 42),
	(11919, 198, '2002-03-10', 143),
	(11920, 223, '2002-03-18', 72),
	(11921, 201, '2002-05-08', 44),
	(11922, 179, '2002-03-28', 72),
	(11923, 219, '2002-03-20', 73),
	(11924, 204, '2002-04-09', 82),
	(11925, 240, '2002-05-14', 106),
	(11926, 245, '2002-03-10', 42),
	(11927, 215, '2002-03-12', 81),
	(11928, 204, '2002-05-04', 82),
	(11929, 198, '2002-02-22', 143),
	(11930, 179, '2002-04-15', 72),
	(11931, 240, '2002-04-20', 106),
	(11932, 198, '2002-03-25', 143),
	(11933, 223, '2002-04-06', 72),
	(11934, 201, '2002-03-12', 44),
	(11935, 185, '2002-03-30', 73),
	(11936, 219, '2002-03-02', 73),
	(11937, 204, '2002-03-27', 82),
	(11938, 240, '2002-05-01', 106),
	(11939, 245, '2002-02-26', 42),
	(11940, 215, '2002-03-03', 81),
	(11941, 204, '2002-04-27', 82),
	(11942, 198, '2002-04-07', 143),
	(11943, 179, '2002-04-27', 72),
	(11944, 245, '2002-05-03', 42),
	(11945, 198, '2002-04-07', 143),
	(11946, 223, '2002-03-29', 72),
	(11947, 201, '2002-02-27', 44),
	(11948, 179, '2002-03-17', 72),
	(11949, 219, '2002-02-19', 73),
	(11950, 204, '2002-03-26', 82),
	(11951, 240, '2002-05-10', 106),
	(11952, 245, '2002-03-16', 42),
	(11953, 215, '2002-03-21', 81),
	(11954, 204, '2002-04-06', 82),
	(11955, 198, '2002-04-16', 143),
	(11956, 179, '2002-05-01', 72),
	(11957, 245, '2002-04-21', 42),
	(11958, 198, '2002-03-26', 143),
	(11959, 223, '2002-03-22', 72),
	(11960, 201, '2002-02-26', 44),
	(11961, 185, '2002-04-01', 73),
	(11962, 219, '2002-03-09', 73),
	(11963, 198, '2002-04-13', 143),
	(11964, 245, '2002-03-29', 42),
	(11965, 215, '2002-03-29', 81),
	(11966, 198, '2002-04-19', 143),
	(11967, 179, '2002-04-29', 72),
	(11968, 223, '2002-04-19', 72),
	(11969, 198, '2002-03-24', 143),
	(11970, 245, '2002-03-28', 42),
	(11971, 201, '2002-03-06', 44),
	(11972, 179, '2002-04-03', 72),
	(11973, 219, '2002-03-16', 73),
	(11974, 204, '2002-04-20', 82),
	(11975, 240, '2002-03-18', 106),
	(11976, 245, '2002-05-22', 42),
	(11977, 215, '2002-03-23', 81),
	(11978, 204, '2002-04-13', 82),
	(11979, 179, '2002-04-22', 72),
	(11980, 223, '2002-04-29', 72),
	(11981, 198, '2002-03-29', 143),
	(11982, 223, '2002-04-24', 72),
	(11983, 201, '2002-03-19', 44),
	(11984, 179, '2002-03-25', 72),
	(11985, 219, '2002-04-04', 73),
	(11986, 198, '2002-05-24', 143),
	(11987, 245, '2002-04-01', 42),
	(11988, 219, '2002-03-06', 73),
	(11989, 204, '2002-05-15', 82),
	(11990, 198, '2002-04-29', 143),
	(11991, 179, '2002-05-05', 72),
	(11992, 245, '2002-05-11', 42),
	(11993, 204, '2002-04-20', 82),
	(11994, 223, '2002-04-24', 72),
	(11995, 198, '2002-06-05', 143),
	(11996, 185, '2002-04-15', 73),
	(11997, 219, '2002-03-28', 73),
	(11998, 204, '2002-04-07', 82),
	(11999, 240, '2002-05-12', 106),
	(12000, 245, '2002-03-18', 42),
	(12001, 215, '2002-03-28', 81),
	(12002, 204, '2002-05-17', 82),
	(12003, 198, '2002-05-05', 143),
	(12004, 179, '2002-05-19', 72),
	(12005, 223, '2002-05-20', 72),
	(12006, 198, '2002-04-09', 143),
	(12007, 223, '2002-05-01', 72),
	(12008, 201, '2002-04-30', 44),
	(12009, 185, '2002-04-06', 73),
	(12010, 219, '2002-03-27', 73),
	(12011, 198, '2002-04-16', 143),
	(12012, 245, '2002-05-31', 42),
	(12013, 215, '2002-04-06', 81),
	(12014, 198, '2002-04-01', 143),
	(12015, 185, '2002-05-22', 73),
	(12016, 198, '2002-04-21', 143),
	(12017, 201, '2002-03-18', 44),
	(12018, 219, '2002-03-28', 73),
	(12019, 204, '2002-04-07', 82),
	(12020, 240, '2002-05-22', 106),
	(12021, 245, '2002-03-28', 42),
	(12022, 215, '2002-04-03', 81),
	(12023, 179, '2002-05-23', 72),
	(12024, 223, '2002-05-23', 72),
	(12025, 198, '2002-04-27', 143),
	(12026, 223, '2002-04-23', 72),
	(12027, 201, '2002-03-20', 44),
	(12028, 219, '2002-03-15', 73),
	(12029, 204, '2002-04-09', 82),
	(12030, 240, '2002-05-24', 106),
	(12031, 245, '2002-03-30', 42),
	(12032, 204, '2002-05-24', 82),
	(12033, 198, '2002-05-11', 143),
	(12034, 179, '2002-05-29', 72),
	(12035, 245, '2002-05-19', 42),
	(12036, 198, '2002-04-14', 143),
	(12037, 223, '2002-04-08', 72),
	(12038, 201, '2002-03-09', 44),
	(12039, 179, '2002-03-27', 72),
	(12040, 219, '2002-03-09', 73),
	(12041, 204, '2002-04-20', 82),
	(12042, 215, '2002-03-26', 81),
	(12043, 204, '2002-05-30', 82),
	(12044, 198, '2002-05-16', 143),
	(12045, 179, '2002-05-25', 72),
	(12046, 223, '2002-04-27', 72),
	(12047, 201, '2002-03-22', 44),
	(12048, 185, '2002-04-07', 73),
	(12049, 219, '2002-03-13', 73),
	(12050, 198, '2002-04-17', 143),
	(12051, 245, '2002-04-02', 42),
	(12052, 215, '2002-04-12', 81),
	(12053, 198, '2002-05-14', 143),
	(12054, 179, '2002-05-28', 72),
	(12055, 223, '2002-05-29', 72),
	(12056, 198, '2002-04-18', 143),
	(12057, 245, '2002-04-18', 42),
	(12058, 201, '2002-03-22', 44),
	(12059, 179, '2002-04-15', 72),
	(12060, 219, '2002-03-22', 73),
	(12061, 204, '2002-04-27', 82),
	(12062, 240, '2002-06-11', 106),
	(12063, 245, '2002-04-17', 42),
	(12064, 215, '2002-04-22', 81),
	(12065, 204, '2002-05-12', 82),
	(12066, 179, '2002-05-23', 72),
	(12067, 223, '2002-05-24', 72),
	(12068, 198, '2002-04-22', 143),
	(12069, 223, '2002-04-17', 72),
	(12070, 201, '2002-03-25', 44),
	(12071, 185, '2002-04-28', 73),
	(12072, 219, '2002-04-19', 73),
	(12073, 198, '2002-05-09', 143),
	(12074, 223, '2002-04-24', 72),
	(12075, 219, '2002-04-20', 73),
	(12076, 204, '2002-06-04', 82),
	(12077, 198, '2002-05-12', 143),
	(12078, 179, '2002-05-15', 72),
	(12079, 245, '2002-05-10', 42),
	(12080, 198, '2002-04-26', 143),
	(12081, 223, '2002-04-27', 72),
	(12082, 201, '2002-06-21', 44),
	(12083, 185, '2002-05-11', 73),
	(12084, 219, '2002-04-18', 73),
	(12085, 204, '2002-05-13', 82),
	(12086, 240, '2002-06-17', 106),
	(12087, 245, '2002-04-13', 42),
	(12088, 215, '2002-04-08', 81),
	(12089, 204, '2002-05-24', 82),
	(12090, 198, '2002-05-10', 143),
	(12091, 179, '2002-05-24', 72),
	(12092, 223, '2002-06-04', 72),
	(12093, 198, '2002-05-13', 143),
	(12094, 223, '2002-06-01', 72),
	(12095, 201, '2002-06-04', 44),
	(12096, 185, '2002-05-11', 73),
	(12097, 219, '2002-04-16', 73),
	(12098, 198, '2002-05-09', 143),
	(12099, 245, '2002-06-05', 42),
	(12100, 215, '2002-04-16', 81),
	(12101, 198, '2002-05-09', 143),
	(12102, 185, '2002-06-01', 73),
	(12103, 245, '2002-06-12', 42),
	(12104, 198, '2002-05-21', 143),
	(12105, 223, '2002-05-20', 72),
	(12106, 201, '2002-06-28', 44),
	(12107, 179, '2002-05-08', 72),
	(12108, 219, '2002-04-19', 73),
	(12109, 204, '2002-04-29', 82),
	(12110, 240, '2002-06-13', 106),
	(12111, 245, '2002-04-20', 42),
	(12112, 215, '2002-04-25', 81),
	(12113, 204, '2002-07-04', 82),
	(12114, 198, '2002-05-01', 143),
	(12115, 179, '2002-06-14', 72),
	(12116, 240, '2002-06-10', 106),
	(12117, 198, '2002-05-01', 143),
	(12118, 223, '2002-05-05', 72),
	(12119, 201, '2002-04-01', 44),
	(12120, 185, '2002-04-29', 73),
	(12121, 219, '2002-04-12', 73),
	(12122, 204, '2002-05-17', 82),
	(12123, 240, '2002-07-01', 106),
	(12124, 245, '2002-05-07', 42),
	(12125, 215, '2002-05-08', 81),
	(12126, 204, '2002-06-17', 82),
	(12127, 198, '2002-05-24', 143),
	(12128, 179, '2002-06-02', 72),
	(12129, 245, '2002-05-29', 42),
	(12130, 198, '2002-04-28', 143),
	(12131, 223, '2002-05-15', 72),
	(12132, 201, '2002-04-19', 44),
	(12133, 179, '2002-05-22', 72),
	(12134, 219, '2002-05-16', 73),
	(12135, 204, '2002-05-26', 82),
	(12136, 240, '2002-06-30', 106),
	(12137, 245, '2002-04-26', 42),
	(12138, 215, '2002-04-26', 81),
	(12139, 204, '2002-04-26', 82),
	(12140, 198, '2002-05-23', 143),
	(12141, 179, '2002-06-11', 72),
	(12142, 245, '2002-06-11', 42),
	(12143, 198, '2002-05-17', 143),
	(12144, 223, '2002-05-27', 72),
	(12145, 201, '2002-04-28', 44),
	(12146, 185, '2002-05-21', 73),
	(12147, 219, '2002-04-18', 73),
	(12148, 198, '2002-05-13', 143),
	(12149, 179, '2002-04-29', 72),
	(12150, 219, '2002-04-29', 73),
	(12151, 204, '2002-05-19', 82),
	(12152, 240, '2002-04-24', 106),
	(12153, 245, '2002-07-08', 42),
	(12154, 215, '2002-06-23', 81),
	(12158, 245, '2002-06-02', 42),
	(12159, 198, '2002-04-23', 143),
	(12160, 223, '2002-05-10', 72),
	(12161, 201, '2002-04-12', 44),
	(12162, 179, '2002-05-13', 72),
	(12163, 219, '2002-04-25', 73),
	(12164, 204, '2002-05-27', 82),
	(12165, 240, '2002-07-10', 106),
	(12166, 245, '2002-04-27', 42),
	(12167, 215, '2002-04-26', 81),
	(12168, 204, '2002-06-18', 82),
	(12169, 198, '2002-05-15', 143),
	(12170, 179, '2002-06-13', 72),
	(12171, 223, '2002-06-21', 72),
	(12172, 198, '2002-05-16', 143),
	(12173, 223, '2002-06-01', 72),
	(12174, 201, '2002-04-25', 44),
	(12175, 185, '2002-05-15', 73),
	(12176, 219, '2002-04-18', 73),
	(12177, 204, '2002-05-20', 82),
	(12178, 240, '2002-07-03', 106),
	(12179, 245, '2002-04-18', 42),
	(12180, 215, '2002-04-22', 81),
	(12181, 204, '2002-06-29', 82),
	(12182, 198, '2002-06-06', 143),
	(12183, 179, '2002-06-30', 72),
	(12184, 245, '2002-06-26', 42),
	(12185, 198, '2002-05-26', 143),
	(12186, 223, '2002-05-20', 72),
	(12187, 201, '2002-04-16', 44),
	(12188, 179, '2002-05-08', 72),
	(12189, 219, '2002-04-25', 73),
	(12190, 204, '2002-05-22', 82),
	(12191, 240, '2002-07-16', 106),
	(12192, 245, '2002-05-11', 42),
	(12193, 215, '2002-05-05', 81),
	(12194, 204, '2002-07-12', 82),
	(12195, 198, '2002-06-14', 143),
	(12196, 179, '2002-06-23', 72),
	(12197, 223, '2002-06-19', 72),
	(12198, 198, '2002-05-19', 143),
	(12199, 223, '2002-05-15', 72),
	(12200, 201, '2002-04-18', 44),
	(12201, 185, '2002-05-27', 73),
	(12202, 219, '2002-05-01', 73),
	(12203, 198, '2002-06-12', 143),
	(12204, 245, '2002-05-15', 42),
	(12205, 215, '2002-05-09', 81),
	(12206, 198, '2002-06-07', 143),
	(12207, 179, '2002-06-21', 72),
	(12208, 223, '2002-06-18', 72),
	(12209, 198, '2002-05-18', 143),
	(12210, 245, '2002-05-25', 42),
	(12211, 201, '2002-04-27', 44),
	(12212, 179, '2002-05-30', 72),
	(12213, 219, '2002-05-26', 73),
	(12214, 204, '2002-06-12', 82),
	(12215, 240, '2002-07-26', 106),
	(12216, 245, '2002-05-11', 42),
	(12217, 215, '2002-04-25', 81),
	(12218, 204, '2002-07-03', 82),
	(12219, 204, '2002-05-30', 82),
	(12220, 179, '2002-06-28', 72),
	(12221, 223, '2002-06-29', 72),
	(12222, 198, '2002-05-30', 143),
	(12223, 223, '2002-06-18', 72),
	(12224, 201, '2002-05-09', 44),
	(12225, 185, '2002-05-29', 73),
	(12226, 219, '2002-05-16', 73),
	(12227, 198, '2002-06-03', 143),
	(12228, 223, '2002-05-06', 72),
	(12229, 219, '2002-04-30', 73),
	(12230, 204, '2002-07-07', 82),
	(12231, 198, '2002-06-21', 143),
	(12232, 179, '2002-07-08', 72),
	(12233, 245, '2002-07-14', 42),
	(12234, 198, '2002-06-13', 143),
	(12235, 223, '2002-06-11', 72),
	(12236, 201, '2002-08-02', 44),
	(12237, 185, '2002-06-01', 73),
	(12238, 219, '2002-04-28', 73),
	(12239, 204, '2002-05-30', 82),
	(12240, 240, '2002-07-23', 106),
	(12241, 245, '2002-05-18', 42),
	(12242, 215, '2002-05-22', 81),
	(12243, 204, '2002-07-29', 82),
	(12244, 198, '2002-07-03', 143),
	(12245, 179, '2002-07-15', 72),
	(12246, 223, '2002-07-06', 72),
	(12247, 198, '2002-06-05', 143),
	(12248, 223, '2002-06-17', 72),
	(12249, 201, '2002-06-25', 44),
	(12250, 185, '2002-06-03', 73),
	(12251, 219, '2002-05-27', 73),
	(12252, 198, '2002-06-20', 143),
	(12253, 245, '2002-08-13', 42),
	(12254, 215, '2002-05-27', 81),
	(12255, 198, '2002-06-22', 143),
	(12256, 185, '2002-07-14', 73),
	(12257, 245, '2002-07-05', 42),
	(12258, 198, '2002-06-04', 143),
	(12259, 223, '2002-06-04', 72),
	(12260, 201, '2002-08-05', 44),
	(12261, 179, '2002-06-15', 72),
	(12262, 219, '2002-06-04', 73),
	(12263, 204, '2002-07-01', 82),
	(12264, 240, '2002-08-14', 106),
	(12265, 245, '2002-05-30', 42),
	(12266, 215, '2002-06-02', 81),
	(12267, 204, '2002-08-08', 82),
	(12268, 198, '2002-05-16', 143),
	(12269, 179, '2002-07-07', 72),
	(12270, 240, '2002-07-13', 106),
	(12271, 198, '2002-06-12', 143),
	(12272, 223, '2002-06-26', 72),
	(12273, 201, '2002-05-28', 44),
	(12274, 185, '2002-06-20', 73),
	(12275, 219, '2002-05-20', 73),
	(12276, 204, '2002-06-21', 82),
	(12277, 240, '2002-08-04', 106),
	(12278, 245, '2002-05-21', 42),
	(12279, 215, '2002-05-15', 81),
	(12280, 204, '2002-07-22', 82),
	(12281, 198, '2002-06-28', 143),
	(12282, 179, '2002-07-22', 72),
	(12283, 245, '2002-07-29', 42),
	(12284, 198, '2002-06-28', 143),
	(12285, 223, '2002-06-21', 72),
	(12286, 201, '2002-05-18', 44),
	(12287, 179, '2002-06-10', 72),
	(12288, 219, '2002-05-12', 73),
	(12289, 204, '2002-06-13', 82),
	(12290, 240, '2002-08-06', 106),
	(12291, 245, '2002-06-01', 42),
	(12292, 215, '2002-06-05', 81),
	(12293, 204, '2002-06-26', 82),
	(12294, 198, '2002-07-10', 143),
	(12295, 179, '2002-07-29', 72),
	(12296, 245, '2002-07-20', 42),
	(12297, 198, '2002-06-19', 143),
	(12298, 223, '2002-06-17', 72),
	(12299, 201, '2002-05-10', 44),
	(12300, 185, '2002-06-18', 73),
	(12301, 219, '2002-05-23', 73),
	(12302, 198, '2002-07-04', 143),
	(12303, 245, '2002-06-16', 42),
	(12304, 215, '2002-06-15', 81),
	(12305, 198, '2002-07-14', 143),
	(12306, 179, '2002-07-28', 72),
	(12307, 223, '2002-07-19', 72),
	(12308, 198, '2002-06-18', 143),
	(12309, 245, '2002-06-14', 42),
	(12310, 201, '2002-05-19', 44),
	(12311, 179, '2002-06-21', 72),
	(12312, 219, '2002-05-31', 73),
	(12313, 204, '2002-07-12', 82),
	(12314, 240, '2002-06-04', 106),
	(12315, 245, '2002-08-23', 42),
	(12316, 215, '2002-06-11', 81),
	(12317, 204, '2002-07-10', 82),
	(12318, 179, '2002-07-23', 72),
	(12319, 223, '2002-07-21', 72),
	(12320, 198, '2002-06-15', 143),
	(12321, 223, '2002-07-16', 72),
	(12322, 201, '2002-06-03', 44),
	(12323, 179, '2002-06-10', 72),
	(12324, 219, '2002-06-21', 73),
	(12325, 198, '2002-08-25', 143),
	(12326, 245, '2002-06-22', 42),
	(12327, 219, '2002-05-26', 73),
	(12328, 204, '2002-08-20', 82),
	(12329, 198, '2002-07-21', 143),
	(12330, 179, '2002-07-28', 72),
	(12331, 245, '2002-08-04', 42),
	(12332, 204, '2002-07-09', 82),
	(12333, 223, '2002-07-15', 72),
	(12334, 198, '2002-09-06', 143),
	(12335, 185, '2002-07-07', 73),
	(12336, 219, '2002-06-16', 73),
	(12337, 204, '2002-07-03', 82),
	(12338, 240, '2002-08-16', 106),
	(12339, 245, '2002-06-01', 42),
	(12340, 215, '2002-06-10', 81),
	(12341, 204, '2002-08-12', 82),
	(12342, 198, '2002-07-27', 143),
	(12343, 179, '2002-08-14', 72),
	(12344, 223, '2002-08-16', 72),
	(12345, 198, '2002-07-01', 143),
	(12346, 223, '2002-07-28', 72),
	(12347, 201, '2002-07-30', 44),
	(12348, 185, '2002-07-01', 73),
	(12349, 219, '2002-06-10', 73),
	(12350, 198, '2002-07-05', 143),
	(12351, 245, '2002-08-28', 42),
	(12352, 215, '2002-06-21', 81),
	(12353, 198, '2002-06-17', 143),
	(12354, 185, '2002-08-18', 73),
	(12355, 198, '2002-07-13', 143),
	(12356, 201, '2002-06-06', 44),
	(12357, 219, '2002-06-17', 73),
	(12358, 204, '2002-07-04', 82),
	(12359, 240, '2002-08-17', 106),
	(12360, 245, '2002-06-12', 42),
	(12361, 215, '2002-06-17', 81),
	(12362, 179, '2002-08-17', 72),
	(12363, 223, '2002-08-18', 72),
	(12364, 198, '2002-07-18', 143),
	(12365, 223, '2002-07-16', 72),
	(12366, 201, '2002-06-08', 44),
	(12367, 219, '2002-06-04', 73),
	(12368, 204, '2002-07-06', 82),
	(12369, 240, '2002-08-19', 106),
	(12370, 245, '2002-06-14', 42),
	(12371, 204, '2002-08-19', 82),
	(12372, 251, '2002-08-02', 143),
	(12373, 179, '2002-08-24', 72),
	(12374, 245, '2002-08-15', 42),
	(12375, 198, '2002-07-06', 143),
	(12376, 223, '2002-07-02', 72),
	(12377, 201, '2002-05-29', 44),
	(12378, 179, '2002-06-21', 72),
	(12379, 219, '2002-05-21', 73),
	(12380, 204, '2002-07-09', 82),
	(12381, 215, '2002-06-09', 81),
	(12382, 204, '2002-08-26', 82),
	(12383, 198, '2002-08-08', 143),
	(12384, 179, '2002-08-21', 72),
	(12385, 223, '2002-07-20', 72),
	(12386, 201, '2002-06-10', 44),
	(12387, 185, '2002-07-01', 73),
	(12388, 219, '2002-06-03', 73),
	(12389, 198, '2002-07-05', 143),
	(12390, 245, '2002-06-17', 42),
	(12391, 215, '2002-06-26', 81),
	(12392, 198, '2002-08-05', 143),
	(12393, 179, '2002-08-23', 72),
	(12394, 223, '2002-08-25', 72),
	(12395, 198, '2002-07-10', 143),
	(12396, 245, '2002-07-12', 42),
	(12397, 201, '2002-06-11', 44),
	(12398, 179, '2002-07-10', 72),
	(12399, 219, '2002-06-03', 73),
	(12400, 204, '2002-07-16', 82),
	(12401, 240, '2002-09-08', 106),
	(12402, 245, '2002-07-04', 42),
	(12403, 215, '2002-07-08', 81),
	(12404, 204, '2002-08-05', 82),
	(12405, 179, '2002-08-20', 72),
	(12406, 223, '2002-08-22', 72),
	(12407, 198, '2002-07-16', 143),
	(12408, 223, '2002-07-13', 72),
	(12409, 201, '2002-06-06', 44),
	(12410, 185, '2002-07-15', 73),
	(12411, 219, '2002-07-03', 73),
	(12412, 198, '2002-07-30', 143),
	(12413, 223, '2002-07-12', 72),
	(12414, 219, '2002-07-07', 73),
	(12415, 204, '2002-09-03', 82),
	(12416, 198, '2002-08-07', 143),
	(12417, 179, '2002-08-14', 72),
	(12418, 245, '2002-08-10', 42),
	(12419, 198, '2002-07-12', 143),
	(12420, 223, '2002-07-15', 72),
	(12421, 201, '2002-09-19', 44),
	(12422, 185, '2002-07-30', 73),
	(12423, 219, '2002-07-04', 73),
	(12424, 204, '2002-08-05', 82),
	(12425, 251, '2002-09-18', 143),
	(12426, 245, '2002-07-04', 42),
	(12427, 215, '2002-06-28', 81),
	(12428, 204, '2002-08-26', 82),
	(12429, 198, '2002-07-29', 143),
	(12430, 179, '2002-08-16', 72),
	(12431, 223, '2002-08-28', 72),
	(12432, 198, '2002-08-01', 143),
	(12433, 223, '2002-08-25', 72),
	(12434, 201, '2002-08-31', 44),
	(12435, 185, '2002-08-02', 73),
	(12436, 219, '2002-07-07', 73),
	(12437, 198, '2002-08-04', 143),
	(12438, 247, '2002-09-09', 57),
	(12439, 215, '2002-06-28', 81),
	(12440, 198, '2002-07-27', 143),
	(12441, 185, '2002-08-25', 73),
	(12442, 245, '2002-09-06', 42),
	(12443, 198, '2002-08-10', 143),
	(12444, 223, '2002-08-11', 72),
	(12445, 201, '2002-09-30', 44),
	(12446, 179, '2002-07-31', 72),
	(12447, 219, '2002-07-09', 73),
	(12448, 204, '2002-07-26', 82),
	(12449, 240, '2002-09-08', 106),
	(12450, 245, '2002-07-05', 42),
	(12451, 215, '2002-07-11', 81),
	(12453, 198, '2002-07-18', 143),
	(12454, 179, '2002-09-10', 72),
	(12455, 240, '2002-09-07', 106),
	(12456, 198, '2002-07-24', 143),
	(12457, 223, '2002-07-30', 72),
	(12458, 201, '2002-06-22', 44),
	(12459, 185, '2002-07-15', 73),
	(12460, 219, '2002-06-25', 73),
	(12461, 204, '2002-08-06', 82),
	(12462, 240, '2002-09-29', 106),
	(12463, 245, '2002-07-25', 42),
	(12464, 215, '2002-07-25', 81),
	(12465, 204, '2002-09-16', 82),
	(12466, 198, '2002-08-19', 143),
	(12467, 179, '2002-09-01', 72),
	(12468, 245, '2002-08-29', 42),
	(12469, 198, '2002-07-14', 143),
	(12470, 223, '2002-08-02', 72),
	(12471, 201, '2002-07-03', 44),
	(12472, 179, '2002-08-10', 72),
	(12473, 247, '2002-08-01', 57),
	(12474, 204, '2002-08-18', 82),
	(12476, 245, '2002-07-17', 42),
	(12477, 215, '2002-07-16', 81),
	(12478, 204, '2002-07-21', 82),
	(12479, 198, '2002-08-11', 143),
	(12480, 179, '2002-09-03', 72),
	(12481, 245, '2002-09-04', 42),
	(12482, 198, '2002-08-05', 143),
	(12483, 223, '2002-08-17', 72),
	(12484, 201, '2002-07-15', 44),
	(12485, 185, '2002-08-12', 73),
	(12486, 219, '2002-07-07', 73),
	(12487, 198, '2002-08-08', 143),
	(12488, 179, '2002-07-24', 72),
	(12489, 219, '2002-07-11', 73),
	(12490, 204, '2002-08-07', 82),
	(12491, 240, '2002-07-08', 106),
	(12493, 215, '2002-09-18', 81),
	(12494, 247, '2002-09-30', 57);
/*!40000 ALTER TABLE `narocilo` ENABLE KEYS */;


-- Dumping structure for tabela sport.narocilodetajl
DROP TABLE IF EXISTS `narocilodetajl`;
CREATE TABLE IF NOT EXISTS `narocilodetajl` (
  `ID_Narocilo` int(11) NOT NULL,
  `ID_Izdelek` int(11) NOT NULL,
  `Kolicina` float DEFAULT NULL,
  `Cena` int(11) DEFAULT NULL,
  PRIMARY KEY (`ID_Narocilo`,`ID_Izdelek`),
  KEY `i_narocilodetajl` (`ID_Izdelek`),
  KEY `ProductID` (`ID_Izdelek`),
  KEY `tblOrderstblOrderDetails` (`ID_Narocilo`)
) ENGINE=InnoDB DEFAULT CHARSET=utf8;

-- Dumping data for table sport.narocilodetajl: ~5.129 rows (približno)
/*!40000 ALTER TABLE `narocilodetajl` DISABLE KEYS */;
INSERT INTO `narocilodetajl` (`ID_Narocilo`, `ID_Izdelek`, `Kolicina`, `Cena`) VALUES
	(10079, 1, 1, 199),
	(10124, 1, 2, 199),
	(10124, 7, 4, 129),
	(10125, 4, 4, 60),
	(10125, 13, 6, 39),
	(10126, 6, 4, 65),
	(10126, 8, 3, 100),
	(10126, 9, 2, 109),
	(10126, 12, 6, 25),
	(10127, 17, 6, 159),
	(10128, 4, 4, 60),
	(10128, 5, 10, 30),
	(10128, 10, 12, 25),
	(10128, 13, 5, 39),
	(10129, 2, 6, 260),
	(10129, 17, 6, 159),
	(10130, 11, 4, 50),
	(10131, 3, 8, 60),
	(10132, 15, 4, 90),
	(10133, 2, 6, 260),
	(10133, 7, 10, 129),
	(10133, 17, 12, 159),
	(10134, 5, 6, 30),
	(10135, 3, 10, 60),
	(10135, 4, 4, 60),
	(10135, 10, 20, 25),
	(10136, 2, 12, 260),
	(10136, 7, 12, 129),
	(10137, 1, 6, 199),
	(10137, 7, 6, 129),
	(10138, 4, 12, 60),
	(10138, 13, 12, 39),
	(10139, 6, 4, 65),
	(10139, 8, 3, 100),
	(10139, 9, 2, 109),
	(10139, 12, 6, 25),
	(10140, 17, 6, 159),
	(10141, 4, 4, 60),
	(10141, 5, 10, 30),
	(10141, 10, 12, 25),
	(10141, 13, 10, 39),
	(10142, 2, 6, 260),
	(10142, 17, 6, 159),
	(10143, 11, 4, 50),
	(10144, 3, 8, 60),
	(10145, 15, 4, 90),
	(10146, 2, 6, 260),
	(10146, 7, 10, 129),
	(10146, 17, 12, 159),
	(10147, 5, 12, 30),
	(10148, 3, 10, 60),
	(10148, 4, 4, 60),
	(10148, 10, 20, 25),
	(10149, 2, 12, 260),
	(10149, 7, 12, 129),
	(10150, 1, 2, 199),
	(10150, 7, 4, 129),
	(10151, 4, 4, 60),
	(10151, 13, 6, 39),
	(10152, 6, 4, 65),
	(10152, 8, 10, 100),
	(10152, 9, 2, 109),
	(10152, 12, 12, 25),
	(10153, 17, 6, 159),
	(10154, 4, 4, 60),
	(10154, 5, 10, 30),
	(10154, 10, 24, 25),
	(10154, 13, 12, 39),
	(10155, 2, 6, 260),
	(10155, 17, 6, 159),
	(10156, 11, 4, 50),
	(10157, 3, 24, 60),
	(10158, 15, 12, 90),
	(10159, 2, 19, 260),
	(10159, 7, 10, 129),
	(10159, 17, 12, 159),
	(10160, 5, 6, 30),
	(10161, 3, 10, 60),
	(10161, 4, 20, 60),
	(10161, 10, 20, 25),
	(10162, 2, 12, 260),
	(10162, 7, 12, 129),
	(10163, 1, 10, 199),
	(10163, 7, 24, 129),
	(10164, 4, 12, 60),
	(10164, 13, 24, 39),
	(10165, 6, 4, 65),
	(10165, 8, 3, 100),
	(10165, 9, 2, 109),
	(10165, 12, 6, 25),
	(10166, 17, 6, 159),
	(10167, 4, 4, 60),
	(10167, 5, 10, 30),
	(10167, 10, 12, 25),
	(10167, 13, 10, 39),
	(10168, 2, 6, 260),
	(10168, 17, 6, 159),
	(10169, 3, 24, 60),
	(10169, 11, 4, 50),
	(10170, 15, 12, 90),
	(10171, 2, 6, 260),
	(10171, 7, 10, 129),
	(10171, 17, 12, 159),
	(10172, 3, 10, 60),
	(10172, 4, 4, 60),
	(10172, 5, 24, 30),
	(10172, 10, 20, 25),
	(10173, 2, 12, 260),
	(10173, 7, 12, 129),
	(10174, 1, 2, 199),
	(10174, 7, 4, 129),
	(10175, 4, 4, 60),
	(10175, 13, 6, 39),
	(10176, 6, 4, 65),
	(10176, 8, 3, 100),
	(10176, 9, 2, 109),
	(10176, 12, 6, 25),
	(10177, 17, 6, 159),
	(10178, 4, 4, 60),
	(10178, 5, 10, 30),
	(10178, 10, 12, 25),
	(10178, 13, 5, 39),
	(10179, 2, 6, 260),
	(10179, 17, 6, 159),
	(10180, 11, 4, 50),
	(10181, 3, 8, 60),
	(10182, 15, 4, 90),
	(10183, 2, 6, 260),
	(10183, 7, 10, 129),
	(10183, 17, 12, 159),
	(10184, 5, 6, 30),
	(10185, 3, 10, 60),
	(10185, 4, 4, 60),
	(10185, 10, 20, 25),
	(10186, 2, 12, 260),
	(10186, 7, 12, 129),
	(10187, 1, 6, 199),
	(10187, 7, 6, 129),
	(10188, 4, 12, 60),
	(10188, 13, 12, 39),
	(10189, 6, 4, 65),
	(10189, 8, 3, 100),
	(10189, 9, 2, 109),
	(10189, 12, 6, 25),
	(10190, 17, 6, 159),
	(10191, 4, 4, 60),
	(10191, 5, 10, 30),
	(10191, 10, 12, 25),
	(10191, 13, 10, 39),
	(10192, 2, 6, 260),
	(10192, 17, 6, 159),
	(10193, 11, 12, 50),
	(10194, 3, 20, 60),
	(10194, 15, 6, 90),
	(10195, 2, 6, 260),
	(10195, 7, 10, 129),
	(10195, 17, 12, 159),
	(10196, 5, 12, 30),
	(10197, 3, 10, 60),
	(10197, 4, 4, 60),
	(10197, 10, 20, 25),
	(10198, 2, 12, 260),
	(10198, 7, 12, 129),
	(10199, 1, 2, 199),
	(10199, 7, 4, 129),
	(10200, 4, 4, 60),
	(10200, 13, 6, 39),
	(10201, 6, 6, 65),
	(10201, 8, 6, 100),
	(10201, 9, 12, 109),
	(10201, 12, 24, 25),
	(10202, 2, 12, 260),
	(10203, 4, 4, 60),
	(10203, 5, 10, 30),
	(10203, 10, 24, 25),
	(10203, 13, 12, 39),
	(10204, 2, 24, 260),
	(10204, 17, 24, 159),
	(10205, 11, 4, 50),
	(10206, 3, 24, 60),
	(10207, 15, 12, 90),
	(10208, 2, 12, 260),
	(10208, 7, 24, 129),
	(10208, 17, 12, 159),
	(10209, 5, 36, 30),
	(10210, 3, 12, 60),
	(10210, 4, 10, 60),
	(10210, 10, 24, 25),
	(10211, 2, 24, 260),
	(10211, 7, 36, 129),
	(10212, 1, 10, 199),
	(10212, 7, 24, 129),
	(10213, 4, 12, 60),
	(10213, 13, 24, 39),
	(10214, 2, 6, 260),
	(10214, 3, 24, 60),
	(10214, 7, 12, 129),
	(10214, 9, 24, 109),
	(10215, 7, 24, 129),
	(10216, 2, 10, 260),
	(10216, 5, 36, 30),
	(10216, 10, 24, 25),
	(10216, 13, 24, 39),
	(10217, 9, 12, 109),
	(10217, 15, 12, 90),
	(10218, 3, 12, 60),
	(10218, 11, 12, 50),
	(10219, 3, 24, 60),
	(10220, 2, 12, 260),
	(10220, 7, 24, 129),
	(10220, 17, 12, 159),
	(10221, 3, 10, 60),
	(10221, 5, 12, 30),
	(10221, 6, 12, 65),
	(10221, 12, 36, 25),
	(10222, 2, 6, 260),
	(10222, 7, 6, 129),
	(10223, 1, 2, 199),
	(10223, 7, 12, 129),
	(10224, 4, 4, 60),
	(10224, 13, 12, 39),
	(10225, 6, 4, 65),
	(10225, 8, 3, 100),
	(10225, 9, 2, 109),
	(10225, 12, 6, 25),
	(10226, 2, 12, 260),
	(10227, 4, 12, 60),
	(10227, 5, 24, 30),
	(10227, 10, 24, 25),
	(10227, 13, 12, 39),
	(10228, 2, 6, 260),
	(10228, 17, 6, 159),
	(10229, 11, 10, 50),
	(10230, 3, 8, 60),
	(10231, 15, 4, 90),
	(10232, 3, 12, 60),
	(10232, 8, 12, 100),
	(10232, 15, 12, 90),
	(10233, 2, 6, 260),
	(10234, 13, 12, 39),
	(10234, 15, 24, 90),
	(10234, 16, 12, 50),
	(10235, 2, 12, 260),
	(10235, 7, 12, 129),
	(10236, 2, 6, 260),
	(10236, 7, 6, 129),
	(10237, 9, 12, 109),
	(10237, 13, 25, 39),
	(10238, 6, 4, 65),
	(10238, 8, 3, 100),
	(10238, 9, 2, 109),
	(10238, 12, 6, 25),
	(10239, 17, 6, 159),
	(10240, 4, 4, 60),
	(10240, 5, 10, 30),
	(10240, 10, 12, 25),
	(10240, 13, 10, 39),
	(10241, 2, 6, 260),
	(10241, 17, 6, 159),
	(10242, 11, 4, 50),
	(10243, 3, 8, 60),
	(10244, 15, 4, 90),
	(10245, 2, 6, 260),
	(10245, 7, 10, 129),
	(10245, 17, 12, 159),
	(10246, 5, 12, 30),
	(10247, 3, 10, 60),
	(10247, 4, 4, 60),
	(10247, 10, 20, 25),
	(10248, 2, 12, 260),
	(10248, 7, 12, 129),
	(10249, 1, 2, 199),
	(10249, 7, 4, 129),
	(10250, 4, 4, 60),
	(10250, 13, 6, 39),
	(10251, 6, 4, 65),
	(10251, 8, 10, 100),
	(10251, 9, 2, 109),
	(10251, 12, 12, 25),
	(10252, 17, 6, 159),
	(10253, 4, 4, 60),
	(10253, 5, 10, 30),
	(10253, 10, 24, 25),
	(10253, 13, 12, 39),
	(10254, 2, 6, 260),
	(10254, 17, 6, 159),
	(10255, 11, 4, 50),
	(10256, 3, 24, 60),
	(10257, 15, 12, 90),
	(10258, 2, 12, 260),
	(10258, 7, 10, 129),
	(10258, 17, 12, 159),
	(10259, 13, 20, 39),
	(10260, 3, 10, 60),
	(10260, 4, 20, 60),
	(10260, 10, 20, 25),
	(10261, 2, 12, 260),
	(10261, 7, 12, 129),
	(10262, 1, 10, 199),
	(10262, 7, 24, 129),
	(10263, 4, 12, 60),
	(10263, 13, 24, 39),
	(10264, 6, 4, 65),
	(10264, 8, 3, 100),
	(10264, 9, 2, 109),
	(10264, 12, 6, 25),
	(10265, 17, 6, 159),
	(10266, 4, 4, 60),
	(10266, 5, 10, 30),
	(10266, 10, 12, 25),
	(10266, 13, 10, 39),
	(10267, 2, 6, 260),
	(10267, 17, 6, 159),
	(10268, 3, 24, 60),
	(10268, 11, 4, 50),
	(10269, 15, 12, 90),
	(10270, 2, 6, 260),
	(10270, 7, 10, 129),
	(10270, 17, 12, 159),
	(10271, 3, 10, 60),
	(10271, 4, 4, 60),
	(10271, 5, 24, 30),
	(10271, 10, 20, 25),
	(10272, 2, 12, 260),
	(10272, 7, 12, 129),
	(10273, 1, 2, 199),
	(10273, 7, 4, 129),
	(10274, 4, 4, 60),
	(10274, 13, 6, 39),
	(10275, 6, 4, 65),
	(10275, 8, 3, 100),
	(10275, 9, 2, 109),
	(10275, 12, 6, 25),
	(10276, 17, 6, 159),
	(10277, 4, 4, 60),
	(10277, 5, 10, 30),
	(10277, 10, 12, 25),
	(10277, 13, 5, 39),
	(10278, 2, 12, 260),
	(10278, 17, 12, 159),
	(10279, 11, 4, 50),
	(10280, 17, 24, 159),
	(10281, 3, 12, 60),
	(10282, 2, 6, 260),
	(10282, 7, 6, 129),
	(10282, 17, 6, 159),
	(10283, 3, 10, 60),
	(10283, 4, 4, 60),
	(10283, 5, 6, 30),
	(10283, 10, 20, 25),
	(10284, 2, 12, 260),
	(10284, 7, 12, 129),
	(10285, 1, 6, 199),
	(10285, 7, 6, 129),
	(10286, 10, 24, 25),
	(10286, 13, 12, 39),
	(10287, 2, 12, 260),
	(10287, 3, 12, 60),
	(10287, 8, 24, 100),
	(10287, 9, 24, 109),
	(10288, 17, 6, 159),
	(10289, 1, 10, 199),
	(10289, 2, 12, 260),
	(10289, 7, 24, 129),
	(10289, 17, 24, 159),
	(10290, 2, 12, 260),
	(10290, 17, 24, 159),
	(10291, 3, 24, 60),
	(10292, 3, 20, 60),
	(10292, 15, 6, 90),
	(10293, 2, 6, 260),
	(10293, 7, 10, 129),
	(10293, 17, 12, 159),
	(10294, 2, 12, 260),
	(10295, 3, 10, 60),
	(10295, 4, 4, 60),
	(10295, 7, 36, 129),
	(10296, 2, 12, 260),
	(10296, 7, 12, 129),
	(10297, 1, 2, 199),
	(10297, 7, 4, 129),
	(10298, 4, 12, 60),
	(10298, 13, 24, 39),
	(10299, 6, 6, 65),
	(10299, 8, 6, 100),
	(10299, 9, 12, 109),
	(10299, 12, 24, 25),
	(10300, 2, 12, 260),
	(10301, 4, 4, 60),
	(10301, 5, 10, 30),
	(10301, 10, 24, 25),
	(10301, 13, 12, 39),
	(10302, 2, 24, 260),
	(10302, 17, 24, 159),
	(10303, 11, 4, 50),
	(10304, 3, 24, 60),
	(10305, 15, 12, 90),
	(10306, 2, 12, 260),
	(10306, 7, 24, 129),
	(10306, 17, 12, 159),
	(10307, 5, 36, 30),
	(10308, 3, 12, 60),
	(10308, 4, 10, 60),
	(10308, 10, 24, 25),
	(10309, 2, 24, 260),
	(10309, 7, 36, 129),
	(10310, 1, 10, 199),
	(10310, 7, 24, 129),
	(10311, 4, 12, 60),
	(10311, 13, 24, 39),
	(10312, 2, 6, 260),
	(10312, 3, 24, 60),
	(10312, 7, 12, 129),
	(10312, 9, 24, 109),
	(10313, 7, 24, 129),
	(10314, 2, 10, 260),
	(10314, 5, 36, 30),
	(10314, 10, 24, 25),
	(10314, 13, 24, 39),
	(10315, 9, 12, 109),
	(10315, 15, 12, 90),
	(10316, 3, 12, 60),
	(10316, 11, 12, 50),
	(10317, 3, 24, 60),
	(10318, 2, 12, 260),
	(10318, 7, 24, 129),
	(10318, 17, 12, 159),
	(10319, 3, 10, 60),
	(10319, 5, 12, 30),
	(10319, 7, 24, 129),
	(10319, 17, 24, 159),
	(10320, 2, 6, 260),
	(10320, 7, 6, 129),
	(10321, 4, 4, 60),
	(10321, 13, 6, 39),
	(10322, 17, 6, 159),
	(10323, 2, 6, 260),
	(10323, 17, 6, 159),
	(10324, 11, 4, 50),
	(10325, 3, 8, 60),
	(10326, 15, 4, 90),
	(10327, 2, 6, 260),
	(10327, 7, 10, 129),
	(10327, 17, 12, 159),
	(10328, 2, 12, 260),
	(10328, 7, 12, 129),
	(10329, 1, 6, 199),
	(10329, 7, 6, 129),
	(10330, 4, 12, 60),
	(10330, 13, 12, 39),
	(10331, 6, 4, 65),
	(10331, 8, 3, 100),
	(10331, 9, 2, 109),
	(10331, 12, 6, 25),
	(10332, 17, 6, 159),
	(10333, 2, 6, 260),
	(10333, 17, 6, 159),
	(10334, 11, 4, 50),
	(10335, 3, 8, 60),
	(10336, 15, 4, 90),
	(10337, 5, 12, 30),
	(10338, 3, 10, 60),
	(10338, 4, 4, 60),
	(10338, 10, 20, 25),
	(10339, 2, 12, 260),
	(10339, 7, 12, 129),
	(10340, 1, 2, 199),
	(10340, 7, 4, 129),
	(10341, 4, 4, 60),
	(10341, 13, 6, 39),
	(10342, 6, 4, 65),
	(10342, 8, 10, 100),
	(10342, 9, 2, 109),
	(10342, 12, 12, 25),
	(10343, 17, 6, 159),
	(10344, 4, 4, 60),
	(10344, 5, 10, 30),
	(10344, 10, 24, 25),
	(10344, 13, 12, 39),
	(10345, 2, 6, 260),
	(10345, 17, 6, 159),
	(10346, 11, 4, 50),
	(10347, 2, 19, 260),
	(10347, 7, 10, 129),
	(10347, 17, 12, 159),
	(10348, 5, 6, 30),
	(10349, 3, 10, 60),
	(10349, 4, 20, 60),
	(10349, 10, 20, 25),
	(10350, 2, 12, 260),
	(10350, 7, 12, 129),
	(10351, 1, 10, 199),
	(10351, 6, 4, 65),
	(10351, 7, 24, 129),
	(10351, 8, 3, 100),
	(10351, 9, 2, 109),
	(10351, 12, 6, 25),
	(10352, 17, 6, 159),
	(10353, 4, 4, 60),
	(10353, 5, 10, 30),
	(10353, 10, 12, 25),
	(10353, 13, 10, 39),
	(10354, 2, 6, 260),
	(10354, 17, 6, 159),
	(10355, 3, 24, 60),
	(10355, 11, 4, 50),
	(10356, 15, 12, 90),
	(10357, 2, 6, 260),
	(10357, 7, 10, 129),
	(10357, 17, 12, 159),
	(10358, 3, 10, 60),
	(10358, 4, 4, 60),
	(10358, 5, 24, 30),
	(10358, 10, 20, 25),
	(10359, 2, 12, 260),
	(10359, 7, 12, 129),
	(10360, 1, 2, 199),
	(10360, 7, 4, 129),
	(10361, 4, 4, 60),
	(10361, 13, 6, 39),
	(10362, 6, 4, 65),
	(10362, 8, 3, 100),
	(10362, 9, 2, 109),
	(10362, 12, 6, 25),
	(10363, 17, 6, 159),
	(10364, 4, 4, 60),
	(10364, 5, 10, 30),
	(10364, 10, 12, 25),
	(10364, 13, 5, 39),
	(10365, 2, 6, 260),
	(10365, 17, 6, 159),
	(10366, 11, 4, 50),
	(10367, 3, 8, 60),
	(10368, 15, 4, 90),
	(10369, 2, 6, 260),
	(10369, 7, 10, 129),
	(10369, 17, 12, 159),
	(10370, 3, 10, 60),
	(10370, 4, 4, 60),
	(10370, 5, 6, 30),
	(10370, 10, 20, 25),
	(10371, 2, 12, 260),
	(10371, 7, 12, 129),
	(10372, 1, 6, 199),
	(10372, 7, 6, 129),
	(10373, 4, 12, 60),
	(10373, 13, 12, 39),
	(10374, 6, 4, 65),
	(10374, 8, 3, 100),
	(10374, 9, 2, 109),
	(10374, 12, 6, 25),
	(10375, 17, 6, 159),
	(10376, 4, 4, 60),
	(10376, 5, 10, 30),
	(10376, 10, 12, 25),
	(10376, 13, 10, 39),
	(10377, 2, 6, 260),
	(10377, 17, 6, 159),
	(10378, 11, 12, 50),
	(10379, 3, 20, 60),
	(10379, 15, 6, 90),
	(10380, 2, 6, 260),
	(10380, 7, 10, 129),
	(10380, 17, 12, 159),
	(10381, 5, 12, 30),
	(10382, 3, 10, 60),
	(10382, 4, 4, 60),
	(10382, 10, 20, 25),
	(10383, 2, 12, 260),
	(10383, 7, 12, 129),
	(10384, 1, 2, 199),
	(10384, 7, 4, 129),
	(10385, 4, 4, 60),
	(10385, 13, 6, 39),
	(10386, 6, 6, 65),
	(10386, 8, 6, 100),
	(10386, 9, 12, 109),
	(10386, 12, 24, 25),
	(10387, 2, 12, 260),
	(10388, 4, 4, 60),
	(10388, 5, 10, 30),
	(10388, 10, 24, 25),
	(10388, 13, 12, 39),
	(10389, 2, 24, 260),
	(10389, 17, 24, 159),
	(10390, 11, 4, 50),
	(10391, 3, 24, 60),
	(10392, 15, 12, 90),
	(10393, 2, 12, 260),
	(10393, 7, 24, 129),
	(10393, 17, 12, 159),
	(10394, 5, 36, 30),
	(10395, 3, 12, 60),
	(10395, 4, 10, 60),
	(10395, 10, 24, 25),
	(10396, 2, 24, 260),
	(10396, 7, 36, 129),
	(10397, 1, 10, 199),
	(10397, 7, 24, 129),
	(10398, 4, 12, 60),
	(10398, 13, 24, 39),
	(10399, 2, 6, 260),
	(10399, 3, 24, 60),
	(10399, 7, 12, 129),
	(10399, 9, 24, 109),
	(10400, 7, 24, 129),
	(10401, 2, 10, 260),
	(10401, 5, 36, 30),
	(10401, 10, 24, 25),
	(10401, 13, 24, 39),
	(10402, 9, 12, 109),
	(10402, 15, 12, 90),
	(10403, 3, 12, 60),
	(10403, 11, 12, 50),
	(10404, 3, 24, 60),
	(10405, 2, 12, 260),
	(10405, 7, 24, 129),
	(10405, 17, 12, 159),
	(10406, 3, 10, 60),
	(10406, 5, 12, 30),
	(10406, 6, 12, 65),
	(10406, 12, 36, 25),
	(10407, 2, 6, 260),
	(10407, 7, 6, 129),
	(10408, 1, 2, 199),
	(10408, 7, 12, 129),
	(10409, 4, 4, 60),
	(10409, 13, 12, 39),
	(10410, 6, 4, 65),
	(10410, 8, 3, 100),
	(10410, 9, 2, 109),
	(10410, 12, 6, 25),
	(10411, 2, 12, 260),
	(10412, 4, 12, 60),
	(10412, 5, 24, 30),
	(10412, 10, 24, 25),
	(10412, 13, 12, 39),
	(10413, 2, 6, 260),
	(10413, 17, 6, 159),
	(10414, 11, 10, 50),
	(10415, 3, 8, 60),
	(10416, 15, 4, 90),
	(10417, 3, 12, 60),
	(10417, 8, 12, 100),
	(10417, 15, 12, 90),
	(10418, 2, 6, 260),
	(10419, 13, 12, 39),
	(10419, 15, 24, 90),
	(10419, 16, 12, 50),
	(10420, 2, 12, 260),
	(10420, 7, 12, 129),
	(10421, 2, 6, 260),
	(10421, 7, 6, 129),
	(10422, 9, 12, 109),
	(10422, 13, 25, 39),
	(10423, 6, 4, 65),
	(10423, 8, 3, 100),
	(10423, 9, 2, 109),
	(10423, 12, 6, 25),
	(10424, 17, 6, 159),
	(10425, 4, 4, 60),
	(10425, 5, 10, 30),
	(10425, 10, 12, 25),
	(10425, 13, 10, 39),
	(10426, 2, 6, 260),
	(10426, 17, 6, 159),
	(10427, 11, 4, 50),
	(10428, 3, 8, 60),
	(10429, 15, 4, 90),
	(10430, 2, 6, 260),
	(10430, 7, 10, 129),
	(10430, 17, 12, 159),
	(10431, 5, 12, 30),
	(10432, 3, 10, 60),
	(10432, 4, 4, 60),
	(10432, 10, 20, 25),
	(10433, 2, 12, 260),
	(10433, 7, 12, 129),
	(10434, 1, 2, 199),
	(10434, 7, 4, 129),
	(10435, 4, 4, 60),
	(10435, 13, 6, 39),
	(10436, 6, 4, 65),
	(10436, 8, 10, 100),
	(10436, 9, 2, 109),
	(10436, 12, 12, 25),
	(10437, 17, 6, 159),
	(10438, 4, 4, 60),
	(10438, 5, 10, 30),
	(10438, 10, 24, 25),
	(10438, 13, 12, 39),
	(10439, 2, 6, 260),
	(10439, 17, 6, 159),
	(10440, 11, 4, 50),
	(10441, 3, 24, 60),
	(10442, 15, 12, 90),
	(10443, 2, 12, 260),
	(10443, 7, 10, 129),
	(10443, 17, 12, 159),
	(10444, 13, 20, 39),
	(10445, 3, 10, 60),
	(10445, 4, 20, 60),
	(10445, 10, 20, 25),
	(10446, 2, 12, 260),
	(10446, 7, 12, 129),
	(10447, 1, 10, 199),
	(10447, 7, 24, 129),
	(10448, 4, 12, 60),
	(10448, 13, 24, 39),
	(10449, 6, 4, 65),
	(10449, 8, 3, 100),
	(10449, 9, 2, 109),
	(10449, 12, 6, 25),
	(10450, 17, 6, 159),
	(10451, 4, 4, 60),
	(10451, 5, 10, 30),
	(10451, 10, 12, 25),
	(10451, 13, 10, 39),
	(10452, 2, 6, 260),
	(10452, 17, 6, 159),
	(10453, 11, 4, 50),
	(10454, 4, 4, 60),
	(10454, 5, 10, 30),
	(10454, 10, 12, 25),
	(10454, 13, 5, 39),
	(10455, 2, 12, 260),
	(10455, 17, 12, 159),
	(10456, 11, 4, 50),
	(10457, 17, 24, 159),
	(10458, 3, 12, 60),
	(10459, 7, 6, 129),
	(10463, 1, 2, 199),
	(10463, 7, 4, 129),
	(10464, 4, 4, 60),
	(10464, 13, 6, 39),
	(10465, 6, 4, 65),
	(10465, 8, 3, 100),
	(10465, 9, 2, 109),
	(10465, 12, 6, 25),
	(10466, 17, 6, 159),
	(10467, 4, 4, 60),
	(10467, 5, 10, 30),
	(10467, 10, 12, 25),
	(10467, 13, 5, 39),
	(10468, 2, 6, 260),
	(10468, 17, 6, 159),
	(10469, 11, 4, 50),
	(10470, 3, 10, 60),
	(10470, 4, 12, 65),
	(10471, 15, 4, 90),
	(10472, 2, 12, 260),
	(10472, 7, 20, 129),
	(10472, 10, 30, 25),
	(10472, 17, 16, 159),
	(10473, 5, 6, 30),
	(10474, 3, 10, 60),
	(10474, 4, 4, 60),
	(10474, 10, 20, 25),
	(10475, 2, 30, 260),
	(10475, 7, 30, 129),
	(10476, 1, 6, 199),
	(10476, 7, 6, 129),
	(10477, 4, 24, 60),
	(10477, 13, 24, 39),
	(10478, 6, 20, 65),
	(10478, 8, 30, 100),
	(10478, 9, 20, 109),
	(10478, 12, 50, 25),
	(10479, 17, 6, 159),
	(10480, 4, 4, 60),
	(10480, 5, 10, 30),
	(10480, 10, 12, 25),
	(10480, 13, 10, 39),
	(10481, 2, 6, 260),
	(10481, 17, 6, 159),
	(10482, 11, 4, 50),
	(10483, 3, 18, 60),
	(10484, 15, 4, 90),
	(10485, 2, 8, 260),
	(10485, 7, 14, 129),
	(10485, 17, 15, 159),
	(10486, 4, 10, 65),
	(10486, 5, 24, 30),
	(10487, 3, 12, 60),
	(10487, 4, 4, 60),
	(10487, 10, 20, 25),
	(10488, 2, 24, 260),
	(10488, 7, 18, 129),
	(10489, 1, 8, 199),
	(10489, 5, 12, 30),
	(10489, 7, 14, 129),
	(10489, 10, 14, 25),
	(10490, 4, 6, 60),
	(10490, 13, 8, 39),
	(10491, 6, 4, 65),
	(10491, 8, 10, 100),
	(10491, 9, 2, 109),
	(10491, 12, 12, 25),
	(10492, 17, 6, 159),
	(10493, 4, 6, 60),
	(10493, 5, 12, 30),
	(10493, 10, 24, 25),
	(10493, 11, 7, 53),
	(10493, 13, 24, 39),
	(10494, 2, 12, 260),
	(10494, 17, 12, 159),
	(10495, 11, 10, 50),
	(10496, 3, 24, 60),
	(10497, 15, 12, 90),
	(10497, 16, 2, 55),
	(10498, 2, 23, 260),
	(10498, 7, 14, 129),
	(10498, 17, 15, 159),
	(10499, 4, 5, 65),
	(10499, 5, 9, 30),
	(10500, 3, 15, 60),
	(10500, 4, 27, 60),
	(10500, 10, 27, 25),
	(10501, 2, 24, 260),
	(10501, 7, 24, 129),
	(10502, 1, 10, 199),
	(10502, 7, 24, 129),
	(10503, 4, 14, 60),
	(10503, 13, 28, 39),
	(10504, 6, 4, 65),
	(10504, 8, 3, 100),
	(10504, 9, 2, 109),
	(10504, 12, 6, 25),
	(10505, 17, 18, 159),
	(10506, 4, 4, 60),
	(10506, 5, 10, 30),
	(10506, 10, 12, 25),
	(10506, 13, 10, 39),
	(10507, 2, 10, 260),
	(10507, 4, 20, 65),
	(10507, 17, 10, 159),
	(10508, 3, 24, 60),
	(10508, 11, 4, 50),
	(10509, 15, 12, 90),
	(10510, 2, 16, 260),
	(10510, 3, 15, 60),
	(10510, 7, 20, 129),
	(10510, 17, 24, 159),
	(10511, 3, 20, 60),
	(10511, 4, 14, 60),
	(10511, 5, 35, 30),
	(10511, 10, 40, 25),
	(10512, 2, 12, 260),
	(10512, 7, 12, 129),
	(10513, 1, 6, 199),
	(10513, 7, 10, 129),
	(10513, 13, 10, 39),
	(10514, 4, 6, 60),
	(10514, 13, 8, 39),
	(10515, 6, 8, 65),
	(10515, 8, 7, 100),
	(10515, 9, 4, 109),
	(10515, 12, 10, 25),
	(10516, 1, 4, 199),
	(10516, 17, 8, 159),
	(10517, 4, 6, 60),
	(10517, 5, 14, 30),
	(10517, 10, 18, 25),
	(10517, 13, 20, 39),
	(10518, 2, 6, 260),
	(10518, 17, 6, 159),
	(10519, 11, 12, 50),
	(10520, 3, 8, 60),
	(10521, 4, 8, 65),
	(10521, 13, 12, 39),
	(10521, 15, 8, 90),
	(10521, 16, 6, 55),
	(10522, 6, 2, 65),
	(10522, 7, 1, 135),
	(10522, 10, 1, 25),
	(10523, 5, 6, 30),
	(10524, 3, 10, 60),
	(10524, 4, 4, 60),
	(10524, 10, 20, 25),
	(10525, 2, 20, 260),
	(10525, 7, 22, 129),
	(10526, 1, 6, 199),
	(10526, 7, 6, 129),
	(10527, 4, 12, 60),
	(10527, 13, 12, 39),
	(10528, 6, 14, 65),
	(10528, 8, 12, 100),
	(10528, 9, 20, 109),
	(10528, 12, 40, 25),
	(10529, 17, 1, 159),
	(10530, 4, 16, 60),
	(10530, 5, 20, 30),
	(10530, 10, 20, 25),
	(10530, 13, 20, 39),
	(10531, 2, 6, 260),
	(10531, 17, 6, 159),
	(10532, 11, 20, 50),
	(10533, 3, 24, 60),
	(10533, 15, 16, 90),
	(10534, 2, 6, 260),
	(10534, 7, 10, 129),
	(10534, 17, 12, 159),
	(10535, 5, 12, 30),
	(10535, 12, 12, 25),
	(10536, 3, 25, 60),
	(10536, 4, 5, 60),
	(10536, 10, 20, 25),
	(10537, 2, 20, 260),
	(10537, 7, 20, 129),
	(10538, 1, 8, 199),
	(10538, 7, 10, 129),
	(10538, 16, 10, 55),
	(10539, 4, 7, 60),
	(10539, 13, 9, 39),
	(10540, 6, 6, 65),
	(10540, 8, 6, 100),
	(10540, 9, 12, 109),
	(10540, 12, 24, 25),
	(10541, 2, 20, 260),
	(10542, 4, 14, 60),
	(10542, 5, 30, 30),
	(10542, 10, 30, 25),
	(10542, 13, 22, 39),
	(10543, 2, 24, 260),
	(10543, 17, 24, 159),
	(10544, 11, 4, 50),
	(10545, 3, 24, 60),
	(10546, 15, 12, 90),
	(10547, 2, 12, 260),
	(10547, 7, 24, 129),
	(10547, 17, 20, 159),
	(10548, 5, 36, 30),
	(10549, 3, 14, 60),
	(10549, 4, 18, 60),
	(10549, 10, 30, 25),
	(10550, 2, 30, 260),
	(10550, 7, 40, 129),
	(10551, 1, 20, 199),
	(10551, 7, 30, 129),
	(10552, 4, 12, 60),
	(10552, 13, 24, 39),
	(10553, 2, 8, 260),
	(10553, 3, 26, 60),
	(10553, 7, 16, 129),
	(10553, 9, 30, 109),
	(10554, 7, 30, 129),
	(10555, 2, 10, 260),
	(10555, 5, 36, 30),
	(10555, 10, 24, 25),
	(10555, 13, 24, 39),
	(10556, 9, 10, 109),
	(10556, 15, 12, 90),
	(10557, 3, 14, 60),
	(10557, 11, 12, 50),
	(10558, 3, 28, 60),
	(10559, 2, 16, 260),
	(10559, 7, 28, 129),
	(10559, 17, 16, 159),
	(10560, 3, 10, 60),
	(10560, 5, 12, 30),
	(10560, 6, 12, 65),
	(10560, 12, 36, 25),
	(10561, 2, 6, 260),
	(10561, 7, 6, 129),
	(10562, 1, 2, 199),
	(10562, 7, 12, 129),
	(10563, 4, 4, 60),
	(10563, 13, 12, 39),
	(10564, 6, 4, 65),
	(10564, 8, 3, 100),
	(10564, 9, 2, 109),
	(10564, 12, 6, 25),
	(10565, 2, 20, 260),
	(10566, 4, 18, 60),
	(10566, 5, 28, 30),
	(10566, 10, 28, 25),
	(10566, 13, 18, 39),
	(10566, 16, 4, 55),
	(10567, 2, 6, 260),
	(10567, 17, 6, 159),
	(10568, 11, 15, 50),
	(10569, 3, 18, 60),
	(10570, 15, 14, 90),
	(10571, 3, 12, 60),
	(10571, 8, 12, 100),
	(10571, 15, 12, 90),
	(10572, 2, 9, 260),
	(10573, 13, 32, 39),
	(10573, 15, 28, 90),
	(10573, 16, 24, 50),
	(10574, 2, 12, 260),
	(10574, 7, 12, 129),
	(10575, 2, 6, 260),
	(10575, 7, 6, 129),
	(10576, 9, 14, 109),
	(10576, 13, 30, 39),
	(10577, 6, 6, 65),
	(10577, 8, 4, 100),
	(10577, 9, 7, 109),
	(10577, 12, 10, 25),
	(10578, 17, 6, 159),
	(10579, 4, 14, 60),
	(10579, 5, 30, 30),
	(10579, 10, 24, 25),
	(10579, 13, 30, 39),
	(10580, 2, 6, 260),
	(10580, 17, 6, 159),
	(10581, 11, 18, 50),
	(10582, 3, 20, 60),
	(10583, 15, 15, 90),
	(10584, 2, 16, 260),
	(10584, 7, 20, 129),
	(10584, 17, 19, 159),
	(10585, 5, 12, 30),
	(10586, 3, 20, 60),
	(10586, 4, 14, 60),
	(10586, 10, 25, 25),
	(10587, 2, 12, 260),
	(10587, 7, 12, 129),
	(10588, 1, 2, 199),
	(10588, 7, 4, 129),
	(10589, 4, 14, 60),
	(10589, 13, 16, 39),
	(10590, 6, 14, 65),
	(10590, 8, 10, 100),
	(10590, 9, 2, 109),
	(10590, 12, 20, 25),
	(10591, 17, 16, 159),
	(10592, 4, 14, 60),
	(10592, 5, 12, 30),
	(10592, 10, 20, 25),
	(10592, 13, 16, 39),
	(10593, 2, 6, 260),
	(10593, 17, 12, 159),
	(10594, 11, 14, 50),
	(10595, 3, 24, 60),
	(10596, 15, 18, 90),
	(10597, 2, 12, 260),
	(10597, 7, 10, 129),
	(10597, 17, 12, 159),
	(10598, 13, 26, 39),
	(10599, 3, 12, 60),
	(10599, 4, 22, 60),
	(10599, 10, 22, 25),
	(10600, 2, 12, 260),
	(10600, 7, 12, 129),
	(10601, 1, 14, 199),
	(10601, 7, 28, 129),
	(10602, 4, 12, 60),
	(10602, 13, 24, 39),
	(10603, 6, 4, 65),
	(10603, 8, 3, 100),
	(10603, 9, 2, 109),
	(10603, 12, 6, 25),
	(10604, 17, 6, 159),
	(10605, 4, 4, 60),
	(10605, 5, 10, 30),
	(10605, 10, 12, 25),
	(10605, 13, 10, 39),
	(10606, 2, 9, 260),
	(10606, 17, 9, 159),
	(10607, 3, 24, 60),
	(10607, 11, 4, 50),
	(10608, 15, 22, 90),
	(10609, 2, 6, 260),
	(10609, 7, 10, 129),
	(10609, 17, 12, 159),
	(10610, 3, 10, 60),
	(10610, 4, 4, 60),
	(10610, 5, 24, 30),
	(10610, 10, 20, 25),
	(10611, 2, 12, 260),
	(10611, 7, 12, 129),
	(10612, 1, 2, 199),
	(10612, 7, 4, 129),
	(10613, 4, 4, 60),
	(10613, 13, 6, 39),
	(10614, 6, 4, 65),
	(10614, 8, 3, 100),
	(10614, 9, 2, 109),
	(10614, 12, 6, 25),
	(10615, 17, 16, 159),
	(10616, 4, 4, 60),
	(10616, 5, 10, 30),
	(10616, 10, 12, 25),
	(10616, 13, 5, 39),
	(10617, 2, 18, 260),
	(10617, 17, 18, 159),
	(10618, 11, 4, 50),
	(10619, 17, 24, 159),
	(10620, 3, 12, 60),
	(10621, 2, 6, 260),
	(10621, 7, 6, 129),
	(10621, 17, 6, 159),
	(10622, 3, 10, 60),
	(10622, 4, 4, 60),
	(10622, 5, 6, 30),
	(10622, 10, 20, 25),
	(10623, 2, 12, 260),
	(10623, 7, 12, 129),
	(10624, 1, 6, 199),
	(10624, 7, 6, 129),
	(10625, 10, 24, 25),
	(10625, 13, 12, 39),
	(10626, 2, 12, 260),
	(10626, 3, 12, 60),
	(10626, 8, 24, 100),
	(10626, 9, 24, 109),
	(10627, 17, 6, 159),
	(10628, 1, 10, 199),
	(10628, 2, 12, 260),
	(10628, 7, 24, 129),
	(10628, 17, 24, 159),
	(10629, 2, 12, 260),
	(10629, 17, 24, 159),
	(10630, 3, 24, 60),
	(10631, 3, 20, 60),
	(10631, 15, 6, 90),
	(10632, 2, 16, 260),
	(10632, 7, 17, 129),
	(10632, 17, 17, 159),
	(10633, 2, 12, 260),
	(10634, 3, 10, 60),
	(10634, 4, 4, 60),
	(10634, 7, 36, 129),
	(10635, 2, 12, 260),
	(10635, 7, 12, 129),
	(10636, 1, 2, 199),
	(10636, 7, 4, 129),
	(10637, 4, 12, 60),
	(10637, 13, 24, 39),
	(10638, 6, 6, 65),
	(10638, 8, 6, 100),
	(10638, 9, 12, 109),
	(10638, 12, 24, 25),
	(10639, 2, 12, 260),
	(10640, 4, 4, 60),
	(10640, 5, 10, 30),
	(10640, 10, 24, 25),
	(10640, 13, 12, 39),
	(10641, 2, 24, 260),
	(10641, 17, 24, 159),
	(10642, 11, 4, 50),
	(10643, 3, 24, 60),
	(10644, 15, 12, 90),
	(10645, 2, 12, 260),
	(10645, 7, 24, 129),
	(10645, 17, 12, 159),
	(10646, 5, 36, 30),
	(10647, 3, 12, 60),
	(10647, 4, 10, 60),
	(10647, 10, 24, 25),
	(10648, 2, 24, 260),
	(10648, 7, 36, 129),
	(10649, 1, 10, 199),
	(10649, 7, 24, 129),
	(10650, 4, 12, 60),
	(10650, 13, 24, 39),
	(10651, 2, 6, 260),
	(10651, 3, 24, 60),
	(10651, 7, 12, 129),
	(10651, 9, 24, 109),
	(10652, 7, 24, 129),
	(10653, 2, 10, 260),
	(10653, 5, 36, 30),
	(10653, 10, 24, 25),
	(10653, 13, 24, 39),
	(10654, 9, 12, 109),
	(10654, 15, 12, 90),
	(10655, 3, 12, 60),
	(10655, 11, 12, 50),
	(10656, 3, 24, 60),
	(10657, 2, 12, 260),
	(10657, 7, 24, 129),
	(10657, 17, 12, 159),
	(10658, 3, 10, 60),
	(10658, 5, 12, 30),
	(10658, 7, 24, 129),
	(10658, 17, 24, 159),
	(10659, 2, 6, 260),
	(10659, 7, 6, 129),
	(10660, 4, 4, 60),
	(10660, 13, 6, 39),
	(10661, 17, 6, 159),
	(10662, 2, 6, 260),
	(10662, 17, 6, 159),
	(10663, 11, 4, 50),
	(10664, 3, 8, 60),
	(10665, 15, 4, 90),
	(10666, 2, 6, 260),
	(10666, 7, 10, 129),
	(10666, 17, 12, 159),
	(10667, 2, 12, 260),
	(10667, 7, 12, 129),
	(10668, 1, 6, 199),
	(10668, 7, 6, 129),
	(10669, 4, 12, 60),
	(10669, 13, 12, 39),
	(10670, 6, 4, 65),
	(10670, 8, 3, 100),
	(10670, 9, 2, 109),
	(10670, 12, 6, 25),
	(10671, 17, 6, 159),
	(10672, 2, 6, 260),
	(10672, 17, 6, 159),
	(10673, 11, 4, 50),
	(10674, 3, 8, 60),
	(10675, 15, 4, 90),
	(10676, 5, 12, 30),
	(10677, 3, 10, 60),
	(10677, 4, 4, 60),
	(10677, 10, 20, 25),
	(10678, 2, 12, 260),
	(10678, 7, 12, 129),
	(10679, 1, 2, 199),
	(10679, 7, 4, 129),
	(10680, 4, 4, 60),
	(10680, 13, 6, 39),
	(10681, 6, 4, 65),
	(10681, 8, 10, 100),
	(10681, 9, 2, 109),
	(10681, 12, 12, 25),
	(10682, 17, 6, 159),
	(10683, 4, 4, 60),
	(10683, 5, 10, 30),
	(10683, 10, 24, 25),
	(10683, 13, 12, 39),
	(10684, 2, 6, 260),
	(10684, 17, 6, 159),
	(10685, 11, 4, 50),
	(10686, 2, 19, 260),
	(10686, 7, 10, 129),
	(10686, 17, 12, 159),
	(10687, 5, 6, 30),
	(10688, 3, 10, 60),
	(10688, 4, 20, 60),
	(10688, 10, 20, 25),
	(10689, 2, 12, 260),
	(10689, 7, 12, 129),
	(10690, 1, 10, 199),
	(10690, 6, 4, 65),
	(10690, 7, 24, 129),
	(10690, 8, 3, 100),
	(10690, 9, 2, 109),
	(10690, 12, 6, 25),
	(10691, 17, 6, 159),
	(10692, 4, 4, 60),
	(10692, 5, 10, 30),
	(10692, 10, 12, 25),
	(10692, 13, 10, 39),
	(10693, 2, 6, 260),
	(10693, 17, 6, 159),
	(10694, 3, 24, 60),
	(10694, 11, 4, 50),
	(10695, 15, 12, 90),
	(10696, 2, 6, 260),
	(10696, 7, 10, 129),
	(10696, 17, 12, 159),
	(10697, 3, 10, 60),
	(10697, 4, 4, 60),
	(10697, 5, 24, 30),
	(10697, 10, 20, 25),
	(10698, 2, 12, 260),
	(10698, 7, 12, 129),
	(10699, 1, 2, 199),
	(10699, 7, 4, 129),
	(10700, 4, 4, 60),
	(10700, 13, 6, 39),
	(10701, 6, 4, 65),
	(10701, 8, 3, 100),
	(10701, 9, 2, 109),
	(10701, 12, 6, 25),
	(10702, 17, 6, 159),
	(10703, 4, 4, 60),
	(10703, 5, 10, 30),
	(10703, 10, 12, 25),
	(10703, 13, 5, 39),
	(10704, 2, 6, 260),
	(10704, 17, 6, 159),
	(10705, 11, 4, 50),
	(10706, 3, 8, 60),
	(10707, 15, 4, 90),
	(10708, 2, 6, 260),
	(10708, 7, 10, 129),
	(10708, 17, 12, 159),
	(10709, 3, 10, 60),
	(10709, 4, 4, 60),
	(10709, 5, 6, 30),
	(10709, 10, 20, 25),
	(10710, 2, 12, 260),
	(10710, 7, 12, 129),
	(10711, 1, 6, 199),
	(10711, 7, 6, 129),
	(10712, 4, 12, 60),
	(10712, 13, 12, 39),
	(10713, 6, 4, 65),
	(10713, 8, 3, 100),
	(10713, 9, 2, 109),
	(10713, 12, 6, 25),
	(10714, 17, 6, 159),
	(10715, 4, 4, 60),
	(10715, 5, 10, 30),
	(10715, 10, 12, 25),
	(10715, 13, 10, 39),
	(10716, 2, 6, 260),
	(10716, 17, 6, 159),
	(10717, 11, 12, 50),
	(10718, 3, 20, 60),
	(10718, 15, 6, 90),
	(10719, 2, 6, 260),
	(10719, 7, 10, 129),
	(10719, 17, 12, 159),
	(10720, 5, 12, 30),
	(10721, 3, 10, 60),
	(10721, 4, 4, 60),
	(10721, 10, 20, 25),
	(10722, 2, 12, 260),
	(10722, 7, 12, 129),
	(10723, 1, 2, 199),
	(10723, 7, 4, 129),
	(10724, 4, 4, 60),
	(10724, 13, 6, 39),
	(10725, 6, 6, 65),
	(10725, 8, 6, 100),
	(10725, 9, 12, 109),
	(10725, 12, 24, 25),
	(10726, 2, 12, 260),
	(10727, 4, 4, 60),
	(10727, 5, 10, 30),
	(10727, 10, 24, 25),
	(10727, 13, 12, 39),
	(10728, 2, 24, 260),
	(10728, 17, 24, 159),
	(10729, 11, 4, 50),
	(10730, 3, 24, 60),
	(10731, 15, 12, 90),
	(10732, 2, 12, 260),
	(10732, 7, 24, 129),
	(10732, 17, 12, 159),
	(10733, 5, 36, 30),
	(10734, 3, 12, 60),
	(10734, 4, 10, 60),
	(10734, 10, 24, 25),
	(10735, 2, 24, 260),
	(10735, 7, 36, 129),
	(10736, 1, 10, 199),
	(10736, 7, 24, 129),
	(10737, 4, 12, 60),
	(10737, 13, 24, 39),
	(10738, 2, 6, 260),
	(10738, 3, 24, 60),
	(10738, 7, 12, 129),
	(10738, 9, 24, 109),
	(10739, 7, 24, 129),
	(10740, 2, 10, 260),
	(10740, 5, 36, 30),
	(10740, 10, 24, 25),
	(10740, 13, 24, 39),
	(10741, 9, 12, 109),
	(10741, 15, 12, 90),
	(10742, 3, 12, 60),
	(10742, 11, 12, 50),
	(10743, 3, 24, 60),
	(10744, 2, 12, 260),
	(10744, 7, 24, 129),
	(10744, 17, 12, 159),
	(10745, 3, 10, 60),
	(10745, 5, 12, 30),
	(10745, 6, 12, 65),
	(10745, 12, 36, 25),
	(10746, 2, 6, 260),
	(10746, 7, 6, 129),
	(10747, 1, 2, 199),
	(10747, 7, 12, 129),
	(10748, 4, 4, 60),
	(10748, 13, 12, 39),
	(10749, 6, 4, 65),
	(10749, 8, 3, 100),
	(10749, 9, 2, 109),
	(10749, 12, 6, 25),
	(10750, 2, 12, 260),
	(10751, 4, 12, 60),
	(10751, 5, 24, 30),
	(10751, 10, 24, 25),
	(10751, 13, 12, 39),
	(10752, 2, 6, 260),
	(10752, 17, 6, 159),
	(10753, 11, 10, 50),
	(10754, 3, 8, 60),
	(10755, 15, 4, 90),
	(10756, 3, 12, 60),
	(10756, 8, 12, 100),
	(10756, 15, 12, 90),
	(10757, 2, 6, 260),
	(10758, 13, 12, 39),
	(10758, 15, 24, 90),
	(10758, 16, 12, 50),
	(10759, 2, 12, 260),
	(10759, 7, 12, 129),
	(10760, 2, 6, 260),
	(10760, 7, 6, 129),
	(10761, 9, 12, 109),
	(10761, 13, 25, 39),
	(10762, 6, 4, 65),
	(10762, 8, 3, 100),
	(10762, 9, 2, 109),
	(10762, 12, 6, 25),
	(10763, 17, 6, 159),
	(10764, 4, 4, 60),
	(10764, 5, 10, 30),
	(10764, 10, 12, 25),
	(10764, 13, 10, 39),
	(10765, 2, 6, 260),
	(10765, 17, 6, 159),
	(10766, 11, 4, 50),
	(10767, 3, 8, 60),
	(10768, 15, 4, 90),
	(10769, 2, 6, 260),
	(10769, 7, 10, 129),
	(10769, 17, 12, 159),
	(10770, 5, 12, 30),
	(10771, 3, 10, 60),
	(10771, 4, 4, 60),
	(10771, 10, 20, 25),
	(10772, 2, 12, 260),
	(10772, 7, 12, 129),
	(10773, 1, 2, 199),
	(10773, 7, 4, 129),
	(10774, 4, 4, 60),
	(10774, 13, 6, 39),
	(10775, 6, 4, 65),
	(10775, 8, 10, 100),
	(10775, 9, 2, 109),
	(10775, 12, 12, 25),
	(10776, 17, 6, 159),
	(10777, 4, 4, 60),
	(10777, 5, 10, 30),
	(10777, 10, 24, 25),
	(10777, 13, 12, 39),
	(10778, 2, 6, 260),
	(10778, 17, 6, 159),
	(10779, 11, 4, 50),
	(10780, 3, 24, 60),
	(10781, 15, 12, 90),
	(10782, 2, 12, 260),
	(10782, 7, 10, 129),
	(10782, 17, 12, 159),
	(10783, 13, 20, 39),
	(10784, 3, 10, 60),
	(10784, 4, 20, 60),
	(10784, 10, 20, 25),
	(10785, 2, 12, 260),
	(10785, 7, 12, 129),
	(10786, 1, 10, 199),
	(10786, 7, 24, 129),
	(10787, 4, 12, 60),
	(10787, 13, 24, 39),
	(10788, 6, 4, 65),
	(10788, 8, 3, 100),
	(10788, 9, 2, 109),
	(10788, 12, 6, 25),
	(10789, 17, 6, 159),
	(10790, 4, 4, 60),
	(10790, 5, 10, 30),
	(10790, 10, 12, 25),
	(10790, 13, 10, 39),
	(10791, 2, 6, 260),
	(10791, 17, 6, 159),
	(10792, 11, 4, 50),
	(10793, 4, 4, 60),
	(10793, 5, 10, 30),
	(10793, 10, 12, 25),
	(10793, 13, 5, 39),
	(10794, 2, 12, 260),
	(10794, 17, 12, 159),
	(10795, 11, 4, 50),
	(10796, 17, 24, 159),
	(10797, 3, 12, 60),
	(10798, 7, 6, 129),
	(10802, 1, 2, 199),
	(10802, 7, 4, 129),
	(10803, 4, 4, 60),
	(10803, 13, 6, 39),
	(10804, 6, 4, 65),
	(10804, 8, 3, 100),
	(10804, 9, 2, 109),
	(10804, 12, 6, 25),
	(10805, 17, 6, 159),
	(10806, 4, 4, 60),
	(10806, 5, 10, 30),
	(10806, 10, 12, 25),
	(10806, 13, 5, 39),
	(10807, 2, 6, 260),
	(10807, 17, 6, 159),
	(10808, 11, 4, 50),
	(10809, 3, 8, 60),
	(10810, 15, 4, 90),
	(10811, 2, 6, 260),
	(10811, 7, 10, 129),
	(10811, 17, 12, 159),
	(10812, 5, 6, 30),
	(10813, 3, 10, 60),
	(10813, 4, 4, 60),
	(10813, 10, 20, 25),
	(10814, 2, 12, 260),
	(10814, 7, 12, 129),
	(10815, 1, 6, 199),
	(10815, 7, 6, 129),
	(10816, 4, 12, 60),
	(10816, 13, 12, 39),
	(10817, 6, 4, 65),
	(10817, 8, 3, 100),
	(10817, 9, 2, 109),
	(10817, 12, 6, 25),
	(10818, 17, 6, 159),
	(10819, 4, 4, 60),
	(10819, 5, 10, 30),
	(10819, 10, 12, 25),
	(10819, 13, 10, 39),
	(10820, 2, 6, 260),
	(10820, 17, 6, 159),
	(10821, 11, 4, 50),
	(10822, 3, 8, 60),
	(10823, 15, 4, 90),
	(10824, 2, 6, 260),
	(10824, 7, 10, 129),
	(10824, 17, 12, 159),
	(10825, 5, 12, 30),
	(10826, 3, 10, 60),
	(10826, 4, 4, 60),
	(10826, 10, 20, 25),
	(10827, 2, 12, 260),
	(10827, 7, 12, 129),
	(10828, 1, 2, 199),
	(10828, 7, 4, 129),
	(10829, 4, 4, 60),
	(10829, 13, 6, 39),
	(10830, 6, 4, 65),
	(10830, 8, 10, 100),
	(10830, 9, 2, 109),
	(10830, 12, 12, 25),
	(10831, 17, 6, 159),
	(10832, 4, 4, 60),
	(10832, 5, 10, 30),
	(10832, 10, 24, 25),
	(10832, 13, 12, 39),
	(10833, 2, 6, 260),
	(10833, 17, 6, 159),
	(10834, 11, 4, 50),
	(10835, 3, 24, 60),
	(10836, 15, 12, 90),
	(10837, 2, 19, 260),
	(10837, 7, 10, 129),
	(10837, 17, 12, 159),
	(10838, 5, 6, 30),
	(10839, 3, 10, 60),
	(10839, 4, 20, 60),
	(10839, 10, 20, 25),
	(10840, 2, 12, 260),
	(10840, 7, 12, 129),
	(10841, 1, 10, 199),
	(10841, 7, 24, 129),
	(10842, 4, 12, 60),
	(10842, 13, 24, 39),
	(10843, 6, 4, 65),
	(10843, 8, 3, 100),
	(10843, 9, 2, 109),
	(10843, 12, 6, 25),
	(10844, 17, 6, 159),
	(10845, 4, 4, 60),
	(10845, 5, 10, 30),
	(10845, 10, 12, 25),
	(10845, 13, 10, 39),
	(10846, 2, 6, 260),
	(10846, 17, 6, 159),
	(10847, 3, 24, 60),
	(10847, 11, 4, 50),
	(10848, 15, 12, 90),
	(10849, 2, 6, 260),
	(10849, 7, 10, 129),
	(10849, 17, 12, 159),
	(10850, 3, 10, 60),
	(10850, 4, 4, 60),
	(10850, 5, 24, 30),
	(10850, 10, 20, 25),
	(10851, 2, 12, 260),
	(10851, 7, 12, 129),
	(10852, 1, 2, 199),
	(10852, 7, 4, 129),
	(10853, 4, 4, 60),
	(10853, 13, 6, 39),
	(10854, 6, 4, 65),
	(10854, 8, 3, 100),
	(10854, 9, 2, 109),
	(10854, 12, 6, 25),
	(10855, 17, 6, 159),
	(10856, 4, 4, 60),
	(10856, 5, 10, 30),
	(10856, 10, 12, 25),
	(10856, 13, 5, 39),
	(10857, 2, 6, 260),
	(10857, 17, 6, 159),
	(10858, 11, 4, 50),
	(10859, 3, 8, 60),
	(10860, 15, 4, 90),
	(10861, 2, 6, 260),
	(10861, 7, 10, 129),
	(10861, 17, 12, 159),
	(10862, 5, 6, 30),
	(10863, 3, 10, 60),
	(10863, 4, 4, 60),
	(10863, 10, 20, 25),
	(10864, 2, 12, 260),
	(10864, 7, 12, 129),
	(10865, 1, 6, 199),
	(10865, 7, 6, 129),
	(10866, 4, 12, 60),
	(10866, 13, 12, 39),
	(10867, 6, 4, 65),
	(10867, 8, 3, 100),
	(10867, 9, 2, 109),
	(10867, 12, 6, 25),
	(10868, 17, 6, 159),
	(10869, 4, 4, 60),
	(10869, 5, 10, 30),
	(10869, 10, 12, 25),
	(10869, 13, 10, 39),
	(10870, 2, 6, 260),
	(10870, 17, 6, 159),
	(10871, 11, 12, 50),
	(10872, 3, 20, 60),
	(10872, 15, 6, 90),
	(10873, 2, 6, 260),
	(10873, 7, 10, 129),
	(10873, 17, 12, 159),
	(10874, 5, 12, 30),
	(10875, 3, 10, 60),
	(10875, 4, 4, 60),
	(10875, 10, 20, 25),
	(10876, 2, 12, 260),
	(10876, 7, 12, 129),
	(10877, 1, 2, 199),
	(10877, 7, 4, 129),
	(10878, 4, 4, 60),
	(10878, 13, 6, 39),
	(10879, 6, 6, 65),
	(10879, 8, 6, 100),
	(10879, 9, 12, 109),
	(10879, 12, 24, 25),
	(10880, 2, 12, 260),
	(10881, 4, 4, 60),
	(10881, 5, 10, 30),
	(10881, 10, 24, 25),
	(10881, 13, 12, 39),
	(10882, 2, 24, 260),
	(10882, 17, 24, 159),
	(10883, 11, 4, 50),
	(10884, 3, 24, 60),
	(10885, 15, 12, 90),
	(10886, 2, 12, 260),
	(10886, 7, 24, 129),
	(10886, 17, 12, 159),
	(10887, 5, 14, 30),
	(10888, 3, 12, 60),
	(10888, 4, 10, 60),
	(10888, 10, 24, 25),
	(10889, 2, 24, 260),
	(10889, 7, 36, 129),
	(10890, 1, 10, 199),
	(10890, 7, 24, 129),
	(10891, 4, 12, 60),
	(10891, 13, 24, 39),
	(10892, 2, 6, 260),
	(10892, 3, 24, 60),
	(10892, 7, 12, 129),
	(10892, 9, 24, 109),
	(10893, 7, 24, 129),
	(10894, 2, 10, 260),
	(10894, 5, 36, 30),
	(10894, 10, 24, 25),
	(10894, 13, 24, 39),
	(10895, 9, 12, 109),
	(10895, 15, 12, 90),
	(10896, 3, 12, 60),
	(10896, 11, 12, 50),
	(10897, 3, 23, 60),
	(10898, 2, 12, 260),
	(10898, 7, 24, 129),
	(10898, 17, 12, 159),
	(10899, 3, 10, 60),
	(10899, 5, 12, 30),
	(10899, 6, 12, 65),
	(10899, 12, 36, 25),
	(10900, 2, 6, 260),
	(10900, 7, 6, 129),
	(10901, 1, 2, 199),
	(10901, 7, 12, 129),
	(10902, 4, 4, 60),
	(10902, 13, 12, 39),
	(10903, 6, 4, 65),
	(10903, 8, 3, 100),
	(10903, 9, 2, 109),
	(10903, 12, 6, 25),
	(10904, 2, 11, 260),
	(10905, 4, 12, 60),
	(10905, 5, 24, 30),
	(10905, 10, 24, 25),
	(10905, 13, 12, 39),
	(10906, 2, 6, 260),
	(10906, 17, 6, 159),
	(10907, 11, 10, 50),
	(10908, 3, 7, 60),
	(10909, 15, 4, 90),
	(10910, 3, 12, 60),
	(10910, 8, 12, 100),
	(10910, 15, 12, 90),
	(10911, 2, 2, 260),
	(10912, 13, 12, 39),
	(10912, 15, 24, 90),
	(10912, 16, 12, 50),
	(10913, 2, 7, 260),
	(10913, 7, 5, 129),
	(10914, 2, 3, 260),
	(10914, 7, 3, 129),
	(10915, 9, 12, 109),
	(10915, 13, 25, 39),
	(10916, 6, 4, 65),
	(10916, 8, 3, 100),
	(10916, 9, 2, 109),
	(10916, 12, 6, 25),
	(10917, 17, 6, 159),
	(10918, 4, 4, 60),
	(10918, 5, 10, 30),
	(10918, 10, 12, 25),
	(10918, 13, 10, 39),
	(10919, 2, 6, 260),
	(10919, 17, 6, 159),
	(10920, 11, 4, 50),
	(10921, 3, 3, 60),
	(10922, 15, 4, 90),
	(10923, 2, 6, 260),
	(10923, 7, 10, 129),
	(10923, 17, 12, 159),
	(10924, 5, 3, 30),
	(10925, 3, 10, 60),
	(10925, 4, 4, 60),
	(10925, 10, 20, 25),
	(10926, 2, 1, 260),
	(10926, 7, 2, 129),
	(10927, 1, 2, 199),
	(10927, 7, 3, 129),
	(10928, 4, 4, 60),
	(10928, 13, 6, 39),
	(10929, 6, 4, 65),
	(10929, 8, 10, 100),
	(10929, 9, 2, 109),
	(10929, 12, 12, 25),
	(10930, 17, 6, 159),
	(10931, 4, 4, 60),
	(10931, 5, 10, 30),
	(10931, 10, 24, 25),
	(10931, 13, 12, 39),
	(10932, 2, 6, 260),
	(10932, 17, 6, 159),
	(10933, 11, 4, 50),
	(10934, 3, 23, 60),
	(10935, 15, 12, 90),
	(10936, 2, 12, 260),
	(10936, 7, 10, 129),
	(10936, 17, 12, 159),
	(10937, 13, 20, 39),
	(10938, 3, 10, 60),
	(10938, 4, 20, 60),
	(10938, 10, 20, 25),
	(10939, 2, 9, 260),
	(10939, 7, 7, 129),
	(10940, 1, 10, 199),
	(10940, 7, 24, 129),
	(10941, 4, 12, 60),
	(10941, 13, 24, 39),
	(10942, 6, 4, 65),
	(10942, 8, 3, 100),
	(10942, 9, 2, 109),
	(10942, 12, 6, 25),
	(10943, 17, 6, 159),
	(10944, 4, 3, 60),
	(10944, 5, 7, 30),
	(10944, 10, 7, 25),
	(10944, 13, 9, 39),
	(10945, 2, 6, 260),
	(10945, 17, 6, 159),
	(10946, 3, 19, 60),
	(10946, 11, 2, 50),
	(10947, 15, 12, 90),
	(10948, 2, 2, 260),
	(10948, 7, 7, 129),
	(10948, 17, 2, 159),
	(10949, 3, 10, 60),
	(10949, 4, 4, 60),
	(10949, 5, 24, 30),
	(10949, 10, 20, 25),
	(10950, 2, 9, 260),
	(10950, 7, 9, 129),
	(10951, 1, 1, 199),
	(10951, 7, 1, 129),
	(10952, 4, 3, 60),
	(10952, 13, 5, 39),
	(10953, 6, 4, 65),
	(10953, 8, 3, 100),
	(10953, 9, 2, 109),
	(10953, 12, 6, 25),
	(10954, 17, 6, 159),
	(10955, 4, 3, 60),
	(10955, 5, 9, 30),
	(10955, 10, 11, 25),
	(10955, 13, 4, 39),
	(10956, 2, 12, 260),
	(10956, 17, 12, 159),
	(10957, 11, 3, 50),
	(10958, 17, 24, 159),
	(10959, 3, 11, 60),
	(10960, 2, 6, 260),
	(10960, 7, 6, 129),
	(10960, 17, 6, 159),
	(10961, 3, 9, 60),
	(10961, 4, 3, 60),
	(10961, 5, 5, 30),
	(10961, 10, 19, 25),
	(10962, 2, 11, 260),
	(10962, 7, 11, 129),
	(10963, 1, 5, 199),
	(10963, 7, 5, 129),
	(10964, 10, 17, 25),
	(10964, 13, 9, 39),
	(10965, 2, 11, 260),
	(10965, 3, 11, 60),
	(10965, 8, 23, 100),
	(10965, 9, 23, 109),
	(10966, 17, 6, 159),
	(10967, 1, 10, 199),
	(10967, 2, 12, 260),
	(10967, 7, 24, 129),
	(10967, 17, 24, 159),
	(10968, 2, 11, 260),
	(10968, 17, 23, 159),
	(10969, 3, 23, 60),
	(10970, 3, 9, 60),
	(10970, 15, 5, 90),
	(10971, 2, 6, 260),
	(10971, 7, 10, 129),
	(10971, 17, 12, 159),
	(10972, 2, 11, 260),
	(10973, 3, 9, 60),
	(10973, 4, 3, 60),
	(10973, 7, 35, 129),
	(10974, 2, 11, 260),
	(10974, 7, 11, 129),
	(10975, 1, 2, 199),
	(10975, 7, 3, 129),
	(10976, 4, 11, 60),
	(10976, 13, 23, 39),
	(10977, 6, 5, 65),
	(10977, 8, 5, 100),
	(10977, 9, 11, 109),
	(10977, 12, 23, 25),
	(10978, 2, 11, 260),
	(10979, 4, 3, 60),
	(10979, 5, 9, 30),
	(10979, 10, 23, 25),
	(10979, 13, 11, 39),
	(10980, 2, 9, 260),
	(10980, 17, 9, 159),
	(10981, 11, 2, 50),
	(10982, 3, 23, 60),
	(10983, 15, 12, 90),
	(10984, 2, 11, 260),
	(10984, 7, 23, 129),
	(10984, 17, 11, 159),
	(10985, 5, 35, 30),
	(10986, 3, 11, 60),
	(10986, 4, 9, 60),
	(10986, 10, 23, 25),
	(10987, 2, 23, 260),
	(10987, 7, 35, 129),
	(10988, 1, 9, 199),
	(10988, 7, 23, 129),
	(10989, 4, 12, 60),
	(10989, 13, 24, 39),
	(10990, 2, 5, 260),
	(10990, 3, 23, 60),
	(10990, 7, 11, 129),
	(10990, 9, 23, 109),
	(10991, 7, 23, 129),
	(10992, 2, 9, 260),
	(10992, 5, 35, 30),
	(10992, 10, 23, 25),
	(10992, 13, 23, 39),
	(10993, 9, 11, 109),
	(10993, 15, 11, 90),
	(10994, 3, 11, 60),
	(10994, 11, 11, 50),
	(10995, 3, 23, 60),
	(10996, 2, 11, 260),
	(10996, 7, 23, 129),
	(10996, 17, 11, 159),
	(10997, 3, 7, 60),
	(10997, 5, 7, 30),
	(10997, 7, 9, 129),
	(10997, 17, 9, 159),
	(10998, 2, 5, 260),
	(10998, 7, 5, 129),
	(10999, 4, 3, 60),
	(10999, 13, 5, 39),
	(11000, 17, 6, 159),
	(11001, 2, 5, 260),
	(11001, 17, 5, 159),
	(11002, 11, 3, 50),
	(11003, 3, 7, 60),
	(11004, 15, 3, 90),
	(11005, 2, 5, 260),
	(11005, 7, 9, 129),
	(11005, 17, 11, 159),
	(11006, 2, 11, 260),
	(11006, 7, 11, 129),
	(11007, 1, 5, 199),
	(11007, 7, 5, 129),
	(11008, 4, 11, 60),
	(11008, 13, 11, 39),
	(11009, 6, 3, 65),
	(11009, 8, 2, 100),
	(11009, 9, 2, 109),
	(11009, 12, 5, 25),
	(11010, 17, 6, 159),
	(11011, 2, 6, 260),
	(11011, 17, 6, 159),
	(11012, 11, 3, 50),
	(11013, 3, 7, 60),
	(11014, 15, 3, 90),
	(11015, 5, 11, 30),
	(11016, 3, 9, 60),
	(11016, 4, 3, 60),
	(11016, 10, 19, 25),
	(11017, 2, 11, 260),
	(11017, 7, 11, 129),
	(11018, 1, 2, 199),
	(11018, 7, 3, 129),
	(11019, 4, 3, 60),
	(11019, 13, 2, 39),
	(11020, 6, 4, 65),
	(11020, 8, 10, 100),
	(11020, 9, 2, 109),
	(11020, 12, 12, 25),
	(11021, 17, 6, 159),
	(11022, 4, 3, 60),
	(11022, 5, 9, 30),
	(11022, 10, 23, 25),
	(11022, 13, 11, 39),
	(11023, 2, 6, 260),
	(11023, 17, 6, 159),
	(11024, 11, 3, 50),
	(11025, 2, 5, 260),
	(11025, 7, 6, 129),
	(11025, 17, 7, 159),
	(11026, 5, 5, 30),
	(11027, 3, 9, 60),
	(11027, 4, 19, 60),
	(11027, 10, 19, 25),
	(11028, 2, 11, 260),
	(11028, 7, 11, 129),
	(11029, 1, 9, 199),
	(11029, 6, 3, 65),
	(11029, 7, 23, 129),
	(11029, 8, 2, 100),
	(11029, 9, 2, 109),
	(11029, 12, 5, 25),
	(11030, 17, 6, 159),
	(11031, 4, 3, 60),
	(11031, 5, 9, 30),
	(11031, 10, 11, 25),
	(11031, 13, 9, 39),
	(11032, 2, 2, 260),
	(11032, 17, 2, 159),
	(11033, 3, 23, 60),
	(11033, 11, 3, 50),
	(11034, 15, 11, 90),
	(11035, 2, 5, 260),
	(11035, 7, 9, 129),
	(11035, 17, 11, 159),
	(11036, 3, 9, 60),
	(11036, 4, 3, 60),
	(11036, 5, 23, 30),
	(11036, 10, 19, 25),
	(11037, 2, 11, 260),
	(11037, 7, 11, 129),
	(11038, 1, 2, 199),
	(11038, 7, 3, 129),
	(11039, 4, 3, 60),
	(11039, 13, 5, 39),
	(11040, 6, 3, 65),
	(11040, 8, 2, 100),
	(11040, 9, 2, 109),
	(11040, 12, 5, 25),
	(11041, 17, 5, 159),
	(11042, 4, 3, 60),
	(11042, 5, 9, 30),
	(11042, 10, 11, 25),
	(11042, 13, 4, 39),
	(11043, 2, 5, 260),
	(11043, 17, 5, 159),
	(11044, 11, 3, 50),
	(11045, 3, 5, 60),
	(11046, 15, 3, 90),
	(11047, 2, 5, 260),
	(11047, 7, 9, 129),
	(11047, 17, 11, 159),
	(11048, 3, 9, 60),
	(11048, 4, 3, 60),
	(11048, 5, 5, 30),
	(11048, 10, 19, 25),
	(11049, 2, 11, 260),
	(11049, 7, 11, 129),
	(11050, 1, 5, 199),
	(11050, 7, 5, 129),
	(11051, 4, 11, 60),
	(11051, 13, 11, 39),
	(11052, 6, 3, 65),
	(11052, 8, 2, 100),
	(11052, 9, 2, 109),
	(11052, 12, 5, 25),
	(11053, 17, 5, 159),
	(11054, 4, 3, 60),
	(11054, 5, 9, 30),
	(11054, 10, 11, 25),
	(11054, 13, 9, 39),
	(11055, 2, 5, 260),
	(11055, 17, 5, 159),
	(11056, 11, 11, 50),
	(11057, 3, 19, 60),
	(11057, 15, 5, 90),
	(11058, 2, 5, 260),
	(11058, 7, 9, 129),
	(11058, 17, 11, 159),
	(11059, 5, 11, 30),
	(11060, 3, 9, 60),
	(11060, 4, 3, 60),
	(11060, 10, 19, 25),
	(11061, 2, 11, 260),
	(11061, 7, 11, 129),
	(11062, 1, 2, 199),
	(11062, 7, 3, 129),
	(11063, 4, 3, 60),
	(11063, 13, 5, 39),
	(11064, 6, 5, 65),
	(11064, 8, 5, 100),
	(11064, 9, 11, 109),
	(11064, 12, 23, 25),
	(11065, 2, 9, 260),
	(11066, 4, 3, 60),
	(11066, 5, 9, 30),
	(11066, 10, 23, 25),
	(11066, 13, 11, 39),
	(11067, 2, 23, 260),
	(11067, 17, 23, 159),
	(11068, 11, 3, 50),
	(11069, 3, 23, 60),
	(11070, 15, 11, 90),
	(11071, 2, 11, 260),
	(11071, 7, 23, 129),
	(11071, 17, 11, 159),
	(11072, 5, 33, 30),
	(11073, 3, 11, 60),
	(11073, 4, 9, 60),
	(11073, 10, 23, 25),
	(11074, 2, 21, 260),
	(11074, 7, 33, 129),
	(11075, 1, 7, 199),
	(11075, 7, 21, 129),
	(11076, 4, 9, 60),
	(11076, 13, 21, 39),
	(11077, 2, 3, 260),
	(11077, 3, 21, 60),
	(11077, 7, 9, 129),
	(11077, 9, 21, 109),
	(11078, 7, 23, 129),
	(11079, 2, 9, 260),
	(11079, 5, 35, 30),
	(11079, 10, 23, 25),
	(11079, 13, 23, 39),
	(11080, 9, 11, 109),
	(11080, 15, 11, 90),
	(11081, 3, 11, 60),
	(11081, 11, 11, 50),
	(11082, 3, 21, 60),
	(11083, 2, 11, 260),
	(11083, 7, 23, 129),
	(11083, 17, 11, 159),
	(11084, 3, 7, 60),
	(11084, 5, 9, 30),
	(11084, 6, 9, 65),
	(11084, 12, 33, 25),
	(11085, 2, 3, 260),
	(11085, 7, 3, 129),
	(11086, 1, 2, 199),
	(11086, 7, 9, 129),
	(11087, 4, 4, 60),
	(11087, 13, 9, 39),
	(11088, 6, 3, 65),
	(11088, 8, 2, 100),
	(11088, 9, 2, 109),
	(11088, 12, 5, 25),
	(11089, 2, 9, 260),
	(11090, 4, 11, 60),
	(11090, 5, 23, 30),
	(11090, 10, 23, 25),
	(11090, 13, 11, 39),
	(11091, 2, 5, 260),
	(11091, 17, 5, 159),
	(11092, 11, 9, 50),
	(11093, 3, 5, 60),
	(11094, 15, 3, 90),
	(11095, 3, 11, 60),
	(11095, 8, 11, 100),
	(11095, 15, 11, 90),
	(11096, 2, 3, 260),
	(11097, 13, 11, 39),
	(11097, 15, 23, 90),
	(11097, 16, 11, 50),
	(11098, 2, 9, 260),
	(11098, 7, 9, 129),
	(11099, 2, 3, 260),
	(11099, 7, 3, 129),
	(11100, 9, 11, 109),
	(11100, 13, 24, 39),
	(11101, 6, 3, 65),
	(11101, 8, 2, 100),
	(11101, 9, 2, 109),
	(11101, 12, 5, 25),
	(11102, 17, 5, 159),
	(11103, 4, 3, 60),
	(11103, 5, 9, 30),
	(11103, 10, 11, 25),
	(11103, 13, 9, 39),
	(11104, 2, 5, 260),
	(11104, 17, 5, 159),
	(11105, 11, 4, 50),
	(11106, 3, 5, 60),
	(11107, 15, 3, 90),
	(11108, 2, 3, 260),
	(11108, 7, 7, 129),
	(11108, 17, 9, 159),
	(11109, 5, 9, 30),
	(11110, 3, 7, 60),
	(11110, 4, 4, 60),
	(11110, 10, 17, 25),
	(11111, 2, 9, 260),
	(11111, 7, 9, 129),
	(11112, 1, 2, 199),
	(11112, 7, 4, 129),
	(11113, 4, 3, 60),
	(11113, 13, 5, 39),
	(11114, 6, 4, 65),
	(11114, 8, 7, 100),
	(11114, 9, 2, 109),
	(11114, 12, 9, 25),
	(11115, 17, 5, 159),
	(11116, 4, 4, 60),
	(11116, 5, 7, 30),
	(11116, 10, 21, 25),
	(11116, 13, 9, 39),
	(11117, 2, 3, 260),
	(11117, 17, 3, 159),
	(11118, 11, 4, 50),
	(11119, 3, 21, 60),
	(11120, 15, 11, 90),
	(11121, 2, 9, 260),
	(11121, 7, 7, 129),
	(11121, 17, 9, 159),
	(11122, 13, 19, 39),
	(11123, 3, 7, 60),
	(11123, 4, 17, 60),
	(11123, 10, 17, 25),
	(11124, 2, 9, 260),
	(11124, 7, 9, 129),
	(11125, 1, 7, 199),
	(11125, 7, 21, 129),
	(11126, 4, 9, 60),
	(11126, 13, 21, 39),
	(11127, 6, 4, 65),
	(11127, 8, 3, 100),
	(11127, 9, 2, 109),
	(11127, 12, 3, 25),
	(11128, 17, 5, 159),
	(11129, 4, 4, 60),
	(11129, 5, 7, 30),
	(11129, 10, 9, 25),
	(11129, 13, 7, 39),
	(11130, 2, 5, 260),
	(11130, 17, 5, 159),
	(11131, 11, 4, 50),
	(11132, 4, 3, 60),
	(11132, 5, 9, 30),
	(11132, 10, 11, 25),
	(11132, 13, 4, 39),
	(11133, 2, 9, 260),
	(11133, 17, 9, 159),
	(11134, 11, 4, 50),
	(11135, 17, 23, 159),
	(11136, 3, 9, 60),
	(11137, 7, 3, 129),
	(11141, 1, 2, 199),
	(11141, 7, 4, 129),
	(11142, 4, 3, 60),
	(11142, 13, 5, 39),
	(11143, 6, 4, 65),
	(11143, 8, 3, 100),
	(11143, 9, 2, 109),
	(11143, 12, 3, 25),
	(11144, 17, 5, 159),
	(11145, 4, 4, 60),
	(11145, 5, 7, 30),
	(11145, 10, 9, 25),
	(11145, 13, 5, 39),
	(11146, 2, 5, 260),
	(11146, 17, 5, 159),
	(11147, 11, 4, 50),
	(11148, 3, 5, 60),
	(11149, 15, 3, 90),
	(11150, 2, 5, 260),
	(11150, 7, 9, 129),
	(11150, 17, 11, 159),
	(11151, 5, 3, 30),
	(11152, 3, 7, 60),
	(11152, 4, 4, 60),
	(11152, 10, 17, 25),
	(11153, 2, 9, 260),
	(11153, 7, 9, 129),
	(11154, 1, 3, 199),
	(11154, 7, 3, 129),
	(11155, 4, 9, 60),
	(11155, 13, 9, 39),
	(11156, 6, 4, 65),
	(11156, 8, 3, 100),
	(11156, 9, 2, 109),
	(11156, 12, 3, 25),
	(11157, 17, 5, 159),
	(11158, 4, 3, 60),
	(11158, 5, 9, 30),
	(11158, 10, 11, 25),
	(11158, 13, 9, 39),
	(11159, 2, 5, 260),
	(11159, 17, 5, 159),
	(11160, 11, 4, 50),
	(11161, 3, 5, 60),
	(11162, 15, 3, 90),
	(11163, 2, 3, 260),
	(11163, 7, 7, 129),
	(11163, 17, 9, 159),
	(11164, 5, 9, 30),
	(11165, 3, 7, 60),
	(11165, 4, 4, 60),
	(11165, 10, 17, 25),
	(11166, 2, 9, 260),
	(11166, 7, 9, 129),
	(11167, 1, 2, 199),
	(11167, 7, 4, 129),
	(11168, 4, 4, 60),
	(11168, 13, 3, 39),
	(11169, 6, 3, 65),
	(11169, 8, 9, 100),
	(11169, 9, 2, 109),
	(11169, 12, 11, 25),
	(11170, 17, 5, 159),
	(11171, 4, 4, 60),
	(11171, 5, 7, 30),
	(11171, 10, 21, 25),
	(11171, 13, 9, 39),
	(11172, 2, 3, 260),
	(11172, 17, 3, 159),
	(11173, 11, 4, 50),
	(11174, 3, 18, 60),
	(11175, 15, 9, 90),
	(11176, 2, 16, 260),
	(11176, 7, 7, 129),
	(11176, 17, 9, 159),
	(11177, 5, 3, 30),
	(11178, 3, 7, 60),
	(11178, 4, 17, 60),
	(11178, 10, 17, 25),
	(11179, 2, 9, 260),
	(11179, 7, 9, 129),
	(11180, 1, 7, 199),
	(11180, 7, 21, 129),
	(11181, 4, 9, 60),
	(11181, 13, 21, 39),
	(11182, 6, 4, 65),
	(11182, 8, 3, 100),
	(11182, 9, 2, 109),
	(11182, 12, 3, 25),
	(11183, 17, 5, 159),
	(11184, 4, 4, 60),
	(11184, 5, 7, 30),
	(11184, 10, 9, 25),
	(11184, 13, 7, 39),
	(11185, 2, 3, 260),
	(11185, 17, 3, 159),
	(11186, 3, 21, 60),
	(11186, 11, 4, 50),
	(11187, 15, 9, 90),
	(11188, 2, 3, 260),
	(11188, 7, 7, 129),
	(11188, 17, 9, 159),
	(11189, 3, 7, 60),
	(11189, 4, 4, 60),
	(11189, 5, 21, 30),
	(11189, 10, 17, 25),
	(11190, 2, 9, 260),
	(11190, 7, 9, 129),
	(11191, 1, 2, 199),
	(11191, 7, 4, 129),
	(11192, 4, 4, 60),
	(11192, 13, 3, 39),
	(11193, 6, 4, 65),
	(11193, 8, 3, 100),
	(11193, 9, 2, 109),
	(11193, 12, 3, 25),
	(11194, 17, 3, 159),
	(11195, 4, 4, 60),
	(11195, 5, 7, 30),
	(11195, 10, 9, 25),
	(11195, 13, 5, 39),
	(11196, 2, 3, 260),
	(11196, 17, 3, 159),
	(11197, 11, 4, 50),
	(11198, 3, 2, 60),
	(11199, 15, 3, 90),
	(11200, 2, 5, 260),
	(11200, 7, 9, 129),
	(11200, 17, 11, 159),
	(11201, 5, 3, 30),
	(11202, 3, 7, 60),
	(11202, 4, 4, 60),
	(11202, 10, 17, 25),
	(11203, 2, 6, 260),
	(11203, 7, 6, 129),
	(11204, 1, 3, 199),
	(11204, 7, 3, 129),
	(11205, 4, 9, 60),
	(11205, 13, 9, 39),
	(11206, 6, 4, 65),
	(11206, 8, 3, 100),
	(11206, 9, 2, 109),
	(11206, 12, 3, 25),
	(11207, 17, 3, 159),
	(11208, 4, 4, 60),
	(11208, 5, 7, 30),
	(11208, 10, 9, 25),
	(11208, 13, 7, 39),
	(11209, 2, 3, 260),
	(11209, 17, 3, 159),
	(11210, 11, 9, 50),
	(11211, 3, 17, 60),
	(11211, 15, 3, 90),
	(11212, 2, 3, 260),
	(11212, 7, 7, 129),
	(11212, 17, 9, 159),
	(11213, 5, 6, 30),
	(11214, 3, 7, 60),
	(11214, 4, 4, 60),
	(11214, 10, 17, 25),
	(11215, 2, 6, 260),
	(11215, 7, 6, 129),
	(11216, 1, 2, 199),
	(11216, 7, 3, 129),
	(11217, 4, 4, 60),
	(11217, 13, 3, 39),
	(11218, 6, 3, 65),
	(11218, 8, 3, 100),
	(11218, 9, 9, 109),
	(11218, 12, 21, 25),
	(11219, 2, 6, 260),
	(11220, 4, 4, 60),
	(11220, 5, 7, 30),
	(11220, 10, 21, 25),
	(11220, 13, 9, 39),
	(11221, 2, 21, 260),
	(11221, 17, 21, 159),
	(11222, 11, 4, 50),
	(11223, 3, 18, 60),
	(11224, 15, 9, 90),
	(11225, 2, 9, 260),
	(11225, 7, 21, 129),
	(11225, 17, 9, 159),
	(11226, 5, 25, 30),
	(11227, 3, 6, 60),
	(11227, 4, 4, 60),
	(11227, 10, 18, 25),
	(11228, 2, 18, 260),
	(11228, 7, 25, 129),
	(11229, 1, 7, 199),
	(11229, 7, 21, 129),
	(11230, 4, 9, 60),
	(11230, 13, 21, 39),
	(11231, 2, 3, 260),
	(11231, 3, 21, 60),
	(11231, 7, 9, 129),
	(11231, 9, 21, 109),
	(11232, 7, 18, 129),
	(11233, 2, 7, 260),
	(11233, 5, 33, 30),
	(11233, 10, 21, 25),
	(11233, 13, 21, 39),
	(11234, 9, 9, 109),
	(11234, 15, 9, 90),
	(11235, 3, 9, 60),
	(11235, 11, 9, 50),
	(11236, 3, 18, 60),
	(11237, 2, 9, 260),
	(11237, 7, 21, 129),
	(11237, 17, 9, 159),
	(11238, 3, 7, 60),
	(11238, 5, 9, 30),
	(11238, 6, 9, 65),
	(11238, 12, 33, 25),
	(11239, 2, 3, 260),
	(11239, 7, 3, 129),
	(11240, 1, 2, 199),
	(11240, 7, 9, 129),
	(11241, 4, 4, 60),
	(11241, 13, 9, 39),
	(11242, 6, 4, 65),
	(11242, 8, 3, 100),
	(11242, 9, 2, 109),
	(11242, 12, 3, 25),
	(11243, 2, 6, 260),
	(11244, 4, 6, 60),
	(11244, 5, 18, 30),
	(11244, 10, 18, 25),
	(11244, 13, 6, 39),
	(11245, 2, 5, 260),
	(11245, 17, 5, 159),
	(11246, 11, 4, 50),
	(11247, 3, 2, 60),
	(11248, 15, 4, 90),
	(11249, 3, 9, 60),
	(11249, 8, 9, 100),
	(11249, 15, 9, 90),
	(11250, 2, 5, 260),
	(11251, 13, 9, 39),
	(11251, 15, 21, 90),
	(11251, 16, 9, 50),
	(11252, 2, 6, 260),
	(11252, 7, 6, 129),
	(11253, 2, 5, 260),
	(11253, 7, 5, 129),
	(11254, 9, 9, 109),
	(11254, 13, 22, 39),
	(11255, 6, 3, 65),
	(11255, 8, 2, 100),
	(11255, 9, 2, 109),
	(11255, 12, 5, 25),
	(11256, 17, 3, 159),
	(11257, 4, 4, 60),
	(11257, 5, 7, 30),
	(11257, 10, 9, 25),
	(11257, 13, 7, 39),
	(11258, 2, 3, 260),
	(11258, 17, 3, 159),
	(11259, 11, 4, 50),
	(11260, 3, 2, 60),
	(11261, 15, 4, 90),
	(11262, 2, 3, 260),
	(11262, 7, 7, 129),
	(11262, 17, 9, 159),
	(11263, 5, 6, 30),
	(11264, 3, 4, 60),
	(11264, 4, 3, 60),
	(11264, 10, 14, 25),
	(11265, 2, 6, 260),
	(11265, 7, 6, 129),
	(11266, 1, 2, 199),
	(11266, 7, 3, 129),
	(11267, 4, 3, 60),
	(11267, 13, 5, 39),
	(11268, 6, 4, 65),
	(11268, 8, 7, 100),
	(11268, 9, 2, 109),
	(11268, 12, 9, 25),
	(11269, 17, 3, 159),
	(11270, 4, 4, 60),
	(11270, 5, 7, 30),
	(11270, 10, 21, 25),
	(11270, 13, 9, 39),
	(11271, 2, 3, 260),
	(11271, 17, 3, 159),
	(11272, 11, 3, 50),
	(11273, 3, 18, 60),
	(11274, 15, 9, 90),
	(11275, 2, 6, 260),
	(11275, 7, 4, 129),
	(11275, 17, 6, 159),
	(11276, 13, 14, 39),
	(11277, 3, 4, 60),
	(11277, 4, 14, 60),
	(11277, 10, 14, 25),
	(11278, 2, 6, 260),
	(11278, 7, 6, 129),
	(11279, 1, 4, 199),
	(11279, 7, 18, 129),
	(11280, 4, 9, 60),
	(11280, 13, 21, 39),
	(11281, 6, 3, 65),
	(11281, 8, 2, 100),
	(11281, 9, 2, 109),
	(11281, 12, 5, 25),
	(11282, 17, 3, 159),
	(11283, 4, 3, 60),
	(11283, 5, 4, 30),
	(11283, 10, 6, 25),
	(11283, 13, 4, 39),
	(11284, 2, 3, 260),
	(11284, 17, 3, 159),
	(11285, 3, 18, 60),
	(11285, 11, 3, 50),
	(11286, 15, 6, 90),
	(11287, 2, 5, 260),
	(11287, 7, 4, 129),
	(11287, 17, 6, 159),
	(11288, 3, 4, 60),
	(11288, 4, 3, 60),
	(11288, 5, 18, 30),
	(11288, 10, 14, 25),
	(11289, 2, 6, 260),
	(11289, 7, 6, 129),
	(11290, 1, 2, 199),
	(11290, 7, 3, 129),
	(11291, 4, 3, 60),
	(11291, 13, 5, 39),
	(11292, 6, 3, 65),
	(11292, 8, 2, 100),
	(11292, 9, 2, 109),
	(11292, 12, 5, 25),
	(11293, 17, 3, 159),
	(11294, 4, 3, 60),
	(11294, 5, 4, 30),
	(11294, 10, 6, 25),
	(11294, 13, 4, 39),
	(11295, 2, 9, 260),
	(11295, 17, 9, 159),
	(11296, 11, 3, 50),
	(11297, 17, 21, 159),
	(11298, 3, 6, 60),
	(11299, 2, 3, 260),
	(11299, 7, 3, 129),
	(11299, 17, 3, 159),
	(11300, 3, 4, 60),
	(11300, 4, 3, 60),
	(11300, 5, 5, 30),
	(11300, 10, 14, 25),
	(11301, 2, 6, 260),
	(11301, 7, 6, 129),
	(11302, 1, 5, 199),
	(11302, 7, 5, 129),
	(11303, 10, 18, 25),
	(11303, 13, 6, 39),
	(11304, 2, 6, 260),
	(11304, 3, 6, 60),
	(11304, 8, 18, 100),
	(11304, 9, 18, 109),
	(11305, 17, 3, 159),
	(11306, 1, 4, 199),
	(11306, 2, 6, 260),
	(11306, 7, 18, 129),
	(11306, 17, 18, 159),
	(11307, 2, 6, 260),
	(11307, 17, 18, 159),
	(11308, 3, 18, 60),
	(11309, 3, 14, 60),
	(11309, 15, 5, 90),
	(11310, 2, 3, 260),
	(11310, 7, 7, 129),
	(11310, 17, 9, 159),
	(11311, 2, 6, 260),
	(11312, 3, 4, 60),
	(11312, 4, 3, 60),
	(11312, 7, 25, 129),
	(11313, 2, 6, 260),
	(11313, 7, 6, 129),
	(11314, 1, 2, 199),
	(11314, 7, 3, 129),
	(11315, 4, 6, 60),
	(11315, 13, 18, 39),
	(11316, 6, 5, 65),
	(11316, 8, 5, 100),
	(11316, 9, 6, 109),
	(11316, 12, 18, 25),
	(11317, 2, 12, 260),
	(11318, 4, 3, 60),
	(11318, 5, 4, 30),
	(11318, 10, 18, 25),
	(11318, 13, 6, 39),
	(11319, 2, 18, 260),
	(11319, 17, 18, 159),
	(11320, 11, 3, 50),
	(11321, 3, 18, 60),
	(11322, 15, 6, 90),
	(11323, 2, 6, 260),
	(11323, 7, 18, 129),
	(11323, 17, 6, 159),
	(11324, 5, 25, 30),
	(11325, 3, 6, 60),
	(11325, 4, 4, 60),
	(11325, 10, 18, 25),
	(11326, 2, 18, 260),
	(11326, 7, 25, 129),
	(11327, 1, 4, 199),
	(11327, 7, 18, 129),
	(11328, 4, 6, 60),
	(11328, 13, 18, 39),
	(11329, 2, 5, 260),
	(11329, 3, 18, 60),
	(11329, 7, 6, 129),
	(11329, 9, 18, 109),
	(11330, 7, 18, 129),
	(11331, 2, 4, 260),
	(11331, 5, 25, 30),
	(11331, 10, 18, 25),
	(11331, 13, 18, 39),
	(11332, 9, 6, 109),
	(11332, 15, 6, 90),
	(11333, 3, 6, 60),
	(11333, 11, 6, 50),
	(11334, 3, 24, 60),
	(11335, 2, 6, 260),
	(11335, 7, 18, 129),
	(11335, 17, 6, 159),
	(11336, 3, 4, 60),
	(11336, 5, 6, 30),
	(11336, 7, 18, 129),
	(11336, 17, 18, 159),
	(11337, 2, 5, 260),
	(11337, 7, 5, 129),
	(11338, 4, 3, 60),
	(11338, 13, 5, 39),
	(11339, 17, 3, 159),
	(11340, 2, 5, 260),
	(11340, 17, 5, 159),
	(11341, 11, 3, 50),
	(11342, 3, 2, 60),
	(11343, 15, 3, 90),
	(11344, 2, 5, 260),
	(11344, 7, 4, 129),
	(11344, 17, 6, 159),
	(11345, 2, 12, 260),
	(11345, 7, 12, 129),
	(11346, 1, 5, 199),
	(11346, 7, 5, 129),
	(11347, 4, 6, 60),
	(11347, 13, 6, 39),
	(11348, 6, 3, 65),
	(11348, 8, 2, 100),
	(11348, 9, 2, 109),
	(11348, 12, 5, 25),
	(11349, 17, 3, 159),
	(11350, 2, 3, 260),
	(11350, 17, 3, 159),
	(11351, 11, 3, 50),
	(11352, 3, 8, 60),
	(11353, 15, 3, 90),
	(11354, 5, 12, 30),
	(11355, 3, 4, 60),
	(11355, 4, 3, 60),
	(11355, 10, 14, 25),
	(11356, 2, 12, 260),
	(11356, 7, 12, 129),
	(11357, 1, 2, 199),
	(11357, 7, 3, 129),
	(11358, 4, 3, 60),
	(11358, 13, 5, 39),
	(11359, 6, 3, 65),
	(11359, 8, 4, 100),
	(11359, 9, 2, 109),
	(11359, 12, 6, 25),
	(11360, 17, 3, 159),
	(11361, 4, 3, 60),
	(11361, 5, 4, 30),
	(11361, 10, 18, 25),
	(11361, 13, 6, 39),
	(11362, 2, 3, 260),
	(11362, 17, 3, 159),
	(11363, 11, 3, 50),
	(11364, 2, 13, 260),
	(11364, 7, 4, 129),
	(11364, 17, 6, 159),
	(11365, 5, 6, 30),
	(11366, 3, 4, 60),
	(11366, 4, 14, 60),
	(11366, 10, 14, 25),
	(11367, 2, 6, 260),
	(11367, 7, 6, 129),
	(11368, 1, 4, 199),
	(11368, 6, 3, 65),
	(11368, 7, 18, 129),
	(11368, 8, 2, 100),
	(11368, 9, 2, 109),
	(11368, 12, 5, 25),
	(11369, 17, 3, 159),
	(11370, 4, 3, 60),
	(11370, 5, 4, 30),
	(11370, 10, 6, 25),
	(11370, 13, 4, 39),
	(11371, 2, 5, 260),
	(11371, 17, 5, 159),
	(11372, 3, 18, 60),
	(11372, 11, 3, 50),
	(11373, 15, 6, 90),
	(11374, 2, 5, 260),
	(11374, 7, 4, 129),
	(11374, 17, 6, 159),
	(11375, 3, 4, 60),
	(11375, 4, 3, 60),
	(11375, 5, 18, 30),
	(11375, 10, 14, 25),
	(11376, 2, 12, 260),
	(11376, 7, 12, 129),
	(11377, 1, 2, 199),
	(11377, 7, 4, 129),
	(11378, 4, 3, 60),
	(11378, 13, 5, 39),
	(11379, 6, 3, 65),
	(11379, 8, 2, 100),
	(11379, 9, 2, 109),
	(11379, 12, 5, 25),
	(11380, 17, 5, 159),
	(11381, 4, 3, 60),
	(11381, 5, 4, 30),
	(11381, 10, 6, 25),
	(11381, 13, 4, 39),
	(11382, 2, 5, 260),
	(11382, 17, 5, 159),
	(11383, 11, 3, 50),
	(11384, 3, 8, 60),
	(11385, 15, 3, 90),
	(11386, 2, 5, 260),
	(11386, 7, 4, 129),
	(11386, 17, 6, 159),
	(11387, 3, 4, 60),
	(11387, 4, 3, 60),
	(11387, 5, 5, 30),
	(11387, 10, 14, 25),
	(11388, 2, 6, 260),
	(11388, 7, 6, 129),
	(11389, 1, 5, 199),
	(11389, 7, 5, 129),
	(11390, 4, 6, 60),
	(11390, 13, 6, 39),
	(11391, 6, 3, 65),
	(11391, 8, 2, 100),
	(11391, 9, 2, 109),
	(11391, 12, 5, 25),
	(11392, 17, 5, 159),
	(11393, 4, 3, 60),
	(11393, 5, 4, 30),
	(11393, 10, 6, 25),
	(11393, 13, 4, 39),
	(11394, 2, 5, 260),
	(11394, 17, 5, 159),
	(11395, 11, 6, 50),
	(11396, 3, 14, 60),
	(11396, 15, 5, 90),
	(11397, 2, 5, 260),
	(11397, 7, 4, 129),
	(11397, 17, 6, 159),
	(11398, 5, 12, 30),
	(11399, 3, 4, 60),
	(11399, 4, 3, 60),
	(11399, 10, 14, 25),
	(11400, 2, 6, 260),
	(11400, 7, 6, 129),
	(11401, 1, 2, 199),
	(11401, 7, 3, 129),
	(11402, 4, 3, 60),
	(11402, 13, 5, 39),
	(11403, 6, 5, 65),
	(11403, 8, 5, 100),
	(11403, 9, 6, 109),
	(11403, 12, 18, 25),
	(11404, 2, 12, 260),
	(11405, 4, 4, 60),
	(11405, 5, 10, 30),
	(11405, 10, 24, 25),
	(11405, 13, 12, 39),
	(11406, 2, 18, 260),
	(11406, 17, 18, 159),
	(11407, 11, 3, 50),
	(11408, 3, 24, 60),
	(11409, 15, 6, 90),
	(11410, 2, 6, 260),
	(11410, 7, 18, 129),
	(11410, 17, 6, 159),
	(11411, 5, 36, 30),
	(11412, 3, 12, 60),
	(11412, 4, 10, 60),
	(11412, 10, 24, 25),
	(11413, 2, 24, 260),
	(11413, 7, 36, 129),
	(11414, 1, 10, 199),
	(11414, 7, 24, 129),
	(11415, 4, 12, 60),
	(11415, 13, 24, 39),
	(11416, 2, 6, 260),
	(11416, 3, 24, 60),
	(11416, 7, 12, 129),
	(11416, 9, 24, 109),
	(11417, 7, 24, 129),
	(11418, 2, 4, 260),
	(11418, 5, 25, 30),
	(11418, 10, 18, 25),
	(11418, 13, 18, 39),
	(11419, 9, 6, 109),
	(11419, 15, 6, 90),
	(11420, 3, 6, 60),
	(11420, 11, 6, 50),
	(11421, 3, 24, 60),
	(11422, 2, 6, 260),
	(11422, 7, 18, 129),
	(11422, 17, 6, 159),
	(11423, 3, 10, 60),
	(11423, 5, 12, 30),
	(11423, 6, 12, 65),
	(11423, 12, 36, 25),
	(11424, 2, 6, 260),
	(11424, 7, 6, 129),
	(11425, 1, 2, 199),
	(11425, 7, 12, 129),
	(11426, 4, 4, 60),
	(11426, 13, 12, 39),
	(11427, 6, 4, 65),
	(11427, 8, 3, 100),
	(11427, 9, 2, 109),
	(11427, 12, 6, 25),
	(11428, 2, 12, 260),
	(11429, 4, 6, 60),
	(11429, 5, 18, 30),
	(11429, 10, 18, 25),
	(11429, 13, 6, 39),
	(11430, 2, 5, 260),
	(11430, 17, 5, 159),
	(11431, 11, 4, 50),
	(11432, 3, 8, 60),
	(11433, 15, 3, 90),
	(11434, 3, 6, 60),
	(11434, 8, 6, 100),
	(11434, 15, 6, 90),
	(11435, 2, 6, 260),
	(11436, 13, 6, 39),
	(11436, 15, 18, 90),
	(11436, 16, 6, 50),
	(11437, 2, 12, 260),
	(11437, 7, 12, 129),
	(11438, 2, 6, 260),
	(11438, 7, 6, 129),
	(11439, 9, 6, 109),
	(11439, 13, 14, 39),
	(11440, 6, 3, 65),
	(11440, 8, 2, 100),
	(11440, 9, 2, 109),
	(11440, 12, 5, 25),
	(11441, 17, 5, 159),
	(11442, 4, 3, 60),
	(11442, 5, 4, 30),
	(11442, 10, 6, 25),
	(11442, 13, 4, 39),
	(11443, 2, 5, 260),
	(11443, 17, 5, 159),
	(11444, 11, 4, 50),
	(11445, 3, 8, 60),
	(11446, 15, 3, 90),
	(11447, 2, 6, 260),
	(11447, 7, 10, 129),
	(11447, 17, 12, 159),
	(11448, 5, 12, 30),
	(11449, 3, 10, 60),
	(11449, 4, 4, 60),
	(11449, 10, 20, 25),
	(11450, 2, 12, 260),
	(11450, 7, 12, 129),
	(11451, 1, 2, 199),
	(11451, 7, 4, 129),
	(11452, 4, 3, 60),
	(11452, 13, 5, 39),
	(11453, 6, 4, 65),
	(11453, 8, 10, 100),
	(11453, 9, 2, 109),
	(11453, 12, 12, 25),
	(11454, 17, 5, 159),
	(11455, 4, 4, 60),
	(11455, 5, 10, 30),
	(11455, 10, 24, 25),
	(11455, 13, 12, 39),
	(11456, 2, 6, 260),
	(11456, 17, 6, 159),
	(11457, 11, 4, 50),
	(11458, 3, 24, 60),
	(11459, 15, 6, 90),
	(11460, 2, 6, 260),
	(11460, 7, 4, 129),
	(11460, 17, 6, 159),
	(11461, 13, 14, 39),
	(11462, 3, 10, 60),
	(11462, 4, 20, 60),
	(11462, 10, 20, 25),
	(11463, 2, 12, 260),
	(11463, 7, 12, 129),
	(11464, 1, 10, 199),
	(11464, 7, 24, 129),
	(11465, 4, 12, 60),
	(11465, 13, 24, 39),
	(11466, 6, 4, 65),
	(11466, 8, 3, 100),
	(11466, 9, 2, 109),
	(11466, 12, 6, 25),
	(11467, 17, 5, 159),
	(11468, 4, 4, 60),
	(11468, 5, 10, 30),
	(11468, 10, 12, 25),
	(11468, 13, 10, 39),
	(11469, 2, 5, 260),
	(11469, 17, 5, 159),
	(11470, 11, 3, 50),
	(11471, 4, 3, 60),
	(11471, 5, 4, 30),
	(11471, 10, 6, 25),
	(11471, 13, 4, 39),
	(11472, 2, 12, 260),
	(11472, 17, 12, 159),
	(11473, 11, 4, 50),
	(11474, 17, 18, 159),
	(11475, 3, 5, 60),
	(11476, 7, 6, 129),
	(11480, 1, 2, 199),
	(11480, 7, 4, 129),
	(11481, 4, 3, 60),
	(11481, 13, 5, 39),
	(11482, 6, 4, 65),
	(11482, 8, 3, 100),
	(11482, 9, 2, 109),
	(11482, 12, 6, 25),
	(11483, 17, 5, 159),
	(11484, 4, 4, 60),
	(11484, 5, 10, 30),
	(11484, 10, 12, 25),
	(11484, 13, 5, 39),
	(11485, 2, 5, 260),
	(11485, 17, 5, 159),
	(11486, 11, 4, 50),
	(11487, 3, 7, 60),
	(11488, 15, 3, 90),
	(11489, 2, 5, 260),
	(11489, 7, 4, 129),
	(11489, 17, 6, 159),
	(11490, 5, 6, 30),
	(11491, 3, 10, 60),
	(11491, 4, 4, 60),
	(11491, 10, 20, 25),
	(11492, 2, 12, 260),
	(11492, 7, 12, 129),
	(11493, 1, 5, 199),
	(11493, 7, 5, 129),
	(11494, 4, 12, 60),
	(11494, 13, 12, 39),
	(11495, 6, 4, 65),
	(11495, 8, 3, 100),
	(11495, 9, 2, 109),
	(11495, 12, 6, 25),
	(11496, 17, 5, 159),
	(11497, 4, 4, 60),
	(11497, 5, 10, 30),
	(11497, 10, 12, 25),
	(11497, 13, 10, 39),
	(11498, 2, 5, 260),
	(11498, 17, 5, 159),
	(11499, 11, 3, 50),
	(11500, 3, 7, 60),
	(11501, 15, 3, 90),
	(11502, 2, 5, 260),
	(11502, 7, 4, 129),
	(11502, 17, 6, 159),
	(11503, 5, 5, 30),
	(11504, 3, 10, 60),
	(11504, 4, 4, 60),
	(11504, 10, 20, 25),
	(11505, 2, 5, 260),
	(11505, 7, 5, 129),
	(11506, 1, 2, 199),
	(11506, 7, 4, 129),
	(11507, 4, 4, 60),
	(11507, 13, 6, 39),
	(11508, 6, 4, 65),
	(11508, 8, 10, 100),
	(11508, 9, 2, 109),
	(11508, 12, 12, 25),
	(11509, 17, 5, 159),
	(11510, 4, 3, 60),
	(11510, 5, 4, 30),
	(11510, 10, 18, 25),
	(11510, 13, 6, 39),
	(11511, 2, 6, 260),
	(11511, 17, 6, 159),
	(11512, 11, 4, 50),
	(11513, 3, 9, 60),
	(11514, 15, 12, 90),
	(11515, 2, 19, 260),
	(11515, 7, 10, 129),
	(11515, 17, 12, 159),
	(11516, 5, 5, 30),
	(11517, 3, 10, 60),
	(11517, 4, 20, 60),
	(11517, 10, 20, 25),
	(11518, 2, 12, 260),
	(11518, 7, 12, 129),
	(11519, 1, 10, 199),
	(11519, 7, 24, 129),
	(11520, 4, 12, 60),
	(11520, 13, 24, 39),
	(11521, 6, 4, 65),
	(11521, 8, 3, 100),
	(11521, 9, 2, 109),
	(11521, 12, 6, 25),
	(11522, 17, 5, 159),
	(11523, 4, 4, 60),
	(11523, 5, 10, 30),
	(11523, 10, 12, 25),
	(11523, 13, 10, 39),
	(11524, 2, 6, 260),
	(11524, 17, 6, 159),
	(11525, 3, 24, 60),
	(11525, 11, 4, 50),
	(11526, 15, 12, 90),
	(11527, 2, 6, 260),
	(11527, 7, 10, 129),
	(11527, 17, 12, 159),
	(11528, 3, 10, 60),
	(11528, 4, 4, 60),
	(11528, 5, 24, 30),
	(11528, 10, 20, 25),
	(11529, 2, 12, 260),
	(11529, 7, 12, 129),
	(11530, 1, 2, 199),
	(11530, 7, 4, 129),
	(11531, 4, 4, 60),
	(11531, 13, 6, 39),
	(11532, 6, 4, 65),
	(11532, 8, 3, 100),
	(11532, 9, 2, 109),
	(11532, 12, 6, 25),
	(11533, 17, 5, 159),
	(11534, 4, 4, 60),
	(11534, 5, 10, 30),
	(11534, 10, 12, 25),
	(11534, 13, 5, 39),
	(11535, 2, 6, 260),
	(11535, 17, 6, 159),
	(11536, 11, 4, 50),
	(11537, 3, 7, 60),
	(11538, 15, 3, 90),
	(11539, 2, 5, 260),
	(11539, 7, 4, 129),
	(11539, 17, 6, 159),
	(11540, 5, 5, 30),
	(11541, 3, 10, 60),
	(11541, 4, 4, 60),
	(11541, 10, 20, 25),
	(11542, 2, 5, 260),
	(11542, 7, 5, 129),
	(11543, 1, 5, 199),
	(11543, 7, 5, 129),
	(11544, 4, 12, 60),
	(11544, 13, 12, 39),
	(11545, 6, 4, 65),
	(11545, 8, 3, 100),
	(11545, 9, 2, 109),
	(11545, 12, 5, 25),
	(11546, 17, 6, 159),
	(11547, 4, 4, 60),
	(11547, 5, 10, 30),
	(11547, 10, 12, 25),
	(11547, 13, 10, 39),
	(11548, 2, 6, 260),
	(11548, 17, 6, 159),
	(11549, 11, 12, 50),
	(11550, 3, 20, 60),
	(11550, 15, 6, 90),
	(11551, 2, 6, 260),
	(11551, 7, 10, 129),
	(11551, 17, 12, 159),
	(11552, 5, 5, 30),
	(11553, 3, 9, 60),
	(11553, 4, 4, 60),
	(11553, 10, 5, 25),
	(11554, 2, 5, 260),
	(11554, 7, 5, 129),
	(11555, 1, 2, 199),
	(11555, 7, 4, 129),
	(11556, 4, 4, 60),
	(11556, 13, 6, 39),
	(11557, 6, 6, 65),
	(11557, 8, 6, 100),
	(11557, 9, 12, 109),
	(11557, 12, 24, 25),
	(11558, 2, 5, 260),
	(11559, 4, 4, 60),
	(11559, 5, 10, 30),
	(11559, 10, 24, 25),
	(11559, 13, 12, 39),
	(11560, 2, 18, 260),
	(11560, 17, 18, 159),
	(11561, 11, 4, 50),
	(11562, 3, 9, 60),
	(11563, 15, 12, 90),
	(11564, 2, 12, 260),
	(11564, 7, 24, 129),
	(11564, 17, 12, 159),
	(11565, 5, 21, 30),
	(11566, 3, 5, 60),
	(11566, 4, 9, 60),
	(11566, 10, 9, 25),
	(11567, 2, 9, 260),
	(11567, 7, 21, 129),
	(11568, 1, 9, 199),
	(11568, 7, 9, 129),
	(11569, 4, 12, 60),
	(11569, 13, 24, 39),
	(11570, 2, 6, 260),
	(11570, 3, 24, 60),
	(11570, 7, 12, 129),
	(11570, 9, 24, 109),
	(11571, 7, 9, 129),
	(11572, 2, 10, 260),
	(11572, 5, 36, 30),
	(11572, 10, 24, 25),
	(11572, 13, 24, 39),
	(11573, 9, 12, 109),
	(11573, 15, 12, 90),
	(11574, 3, 5, 60),
	(11574, 11, 5, 50),
	(11575, 3, 9, 60),
	(11576, 2, 12, 260),
	(11576, 7, 24, 129),
	(11576, 17, 12, 159),
	(11577, 3, 9, 60),
	(11577, 5, 5, 30),
	(11577, 6, 5, 65),
	(11577, 12, 21, 25),
	(11578, 2, 5, 260),
	(11578, 7, 5, 129),
	(11579, 1, 2, 199),
	(11579, 7, 5, 129),
	(11580, 4, 4, 60),
	(11580, 13, 12, 39),
	(11581, 6, 4, 65),
	(11581, 8, 3, 100),
	(11581, 9, 2, 109),
	(11581, 12, 6, 25),
	(11582, 2, 5, 260),
	(11583, 4, 5, 60),
	(11583, 5, 9, 30),
	(11583, 10, 9, 25),
	(11583, 13, 5, 39),
	(11584, 2, 5, 260),
	(11584, 17, 5, 159),
	(11585, 11, 9, 50),
	(11586, 3, 7, 60),
	(11587, 15, 4, 90),
	(11588, 3, 12, 60),
	(11588, 8, 12, 100),
	(11588, 15, 12, 90),
	(11589, 2, 5, 260),
	(11590, 13, 12, 39),
	(11590, 15, 24, 90),
	(11590, 16, 12, 50),
	(11591, 2, 5, 260),
	(11591, 7, 5, 129),
	(11592, 2, 5, 260),
	(11592, 7, 5, 129),
	(11593, 9, 5, 109),
	(11593, 13, 10, 39),
	(11594, 6, 4, 65),
	(11594, 8, 3, 100),
	(11594, 9, 2, 109),
	(11594, 12, 5, 25),
	(11595, 17, 6, 159),
	(11596, 4, 4, 60),
	(11596, 5, 9, 30),
	(11596, 10, 5, 25),
	(11596, 13, 9, 39),
	(11597, 2, 6, 260),
	(11597, 17, 6, 159),
	(11598, 11, 4, 50),
	(11599, 3, 7, 60),
	(11600, 15, 4, 90),
	(11601, 2, 6, 260),
	(11601, 7, 10, 129),
	(11601, 17, 12, 159),
	(11602, 5, 5, 30),
	(11603, 3, 9, 60),
	(11603, 4, 4, 60),
	(11603, 10, 5, 25),
	(11604, 2, 5, 260),
	(11604, 7, 5, 129),
	(11605, 1, 2, 199),
	(11605, 7, 4, 129),
	(11606, 4, 4, 60),
	(11606, 13, 5, 39),
	(11607, 6, 4, 65),
	(11607, 8, 9, 100),
	(11607, 9, 2, 109),
	(11607, 12, 5, 25),
	(11608, 17, 6, 159),
	(11609, 4, 4, 60),
	(11609, 5, 10, 30),
	(11609, 10, 24, 25),
	(11609, 13, 12, 39),
	(11610, 2, 6, 260),
	(11610, 17, 6, 159),
	(11611, 11, 4, 50),
	(11612, 3, 9, 60),
	(11613, 15, 12, 90),
	(11614, 2, 5, 260),
	(11614, 7, 9, 129),
	(11614, 17, 5, 159),
	(11615, 13, 5, 39),
	(11616, 3, 9, 60),
	(11616, 4, 5, 60),
	(11616, 10, 5, 25),
	(11617, 2, 5, 260),
	(11617, 7, 5, 129),
	(11618, 1, 9, 199),
	(11618, 7, 9, 129),
	(11619, 4, 12, 60),
	(11619, 13, 24, 39),
	(11620, 6, 4, 65),
	(11620, 8, 3, 100),
	(11620, 9, 2, 109),
	(11620, 12, 5, 25),
	(11621, 17, 6, 159),
	(11622, 4, 4, 60),
	(11622, 5, 9, 30),
	(11622, 10, 5, 25),
	(11622, 13, 9, 39),
	(11623, 2, 6, 260),
	(11623, 17, 6, 159),
	(11624, 3, 9, 60),
	(11624, 11, 4, 50),
	(11625, 15, 5, 90),
	(11626, 2, 5, 260),
	(11626, 7, 9, 129),
	(11626, 17, 5, 159),
	(11627, 3, 9, 60),
	(11627, 4, 4, 60),
	(11627, 5, 9, 30),
	(11627, 10, 5, 25),
	(11628, 2, 5, 260),
	(11628, 7, 5, 129),
	(11629, 1, 2, 199),
	(11629, 7, 4, 129),
	(11630, 4, 4, 60),
	(11630, 13, 5, 39),
	(11631, 6, 4, 65),
	(11631, 8, 3, 100),
	(11631, 9, 2, 109),
	(11631, 12, 5, 25),
	(11632, 17, 6, 159),
	(11633, 4, 4, 60),
	(11633, 5, 9, 30),
	(11633, 10, 5, 25),
	(11633, 13, 4, 39),
	(11634, 2, 12, 260),
	(11634, 17, 12, 159),
	(11635, 11, 4, 50),
	(11636, 17, 24, 159),
	(11637, 3, 5, 60),
	(11638, 2, 5, 260),
	(11638, 7, 5, 129),
	(11638, 17, 5, 159),
	(11639, 3, 9, 60),
	(11639, 4, 4, 60),
	(11639, 5, 5, 30),
	(11639, 10, 5, 25),
	(11640, 2, 5, 260),
	(11640, 7, 5, 129),
	(11641, 1, 5, 199),
	(11641, 7, 5, 129),
	(11642, 10, 9, 25),
	(11642, 13, 5, 39),
	(11643, 2, 5, 260),
	(11643, 3, 5, 60),
	(11643, 8, 9, 100),
	(11643, 9, 9, 109),
	(11644, 17, 5, 159),
	(11645, 1, 9, 199),
	(11645, 2, 5, 260),
	(11645, 7, 9, 129),
	(11645, 17, 9, 159),
	(11646, 2, 5, 260),
	(11646, 17, 9, 159),
	(11647, 3, 9, 60),
	(11648, 3, 5, 60),
	(11648, 15, 5, 90),
	(11649, 2, 6, 260),
	(11649, 7, 10, 129),
	(11649, 17, 12, 159),
	(11650, 2, 5, 260),
	(11651, 3, 9, 60),
	(11651, 4, 4, 60),
	(11651, 7, 21, 129),
	(11652, 2, 5, 260),
	(11652, 7, 5, 129),
	(11653, 1, 2, 199),
	(11653, 7, 4, 129),
	(11654, 4, 5, 60),
	(11654, 13, 9, 39),
	(11655, 6, 5, 65),
	(11655, 8, 5, 100),
	(11655, 9, 5, 109),
	(11655, 12, 9, 25),
	(11656, 2, 5, 260),
	(11657, 4, 4, 60),
	(11657, 5, 9, 30),
	(11657, 10, 9, 25),
	(11657, 13, 5, 39),
	(11658, 2, 9, 260),
	(11658, 17, 9, 159),
	(11659, 11, 4, 50),
	(11660, 3, 9, 60),
	(11661, 15, 5, 90),
	(11662, 2, 5, 260),
	(11662, 7, 9, 129),
	(11662, 17, 5, 159),
	(11663, 5, 21, 30),
	(11664, 3, 5, 60),
	(11664, 4, 9, 60),
	(11664, 10, 9, 25),
	(11665, 2, 9, 260),
	(11665, 7, 21, 129),
	(11666, 1, 9, 199),
	(11666, 7, 9, 129),
	(11667, 4, 5, 60),
	(11667, 13, 9, 39),
	(11668, 2, 5, 260),
	(11668, 3, 9, 60),
	(11668, 7, 5, 129),
	(11668, 9, 9, 109),
	(11669, 7, 9, 129),
	(11670, 2, 9, 260),
	(11670, 5, 21, 30),
	(11670, 10, 9, 25),
	(11670, 13, 9, 39),
	(11671, 9, 5, 109),
	(11671, 15, 5, 90),
	(11672, 3, 5, 60),
	(11672, 11, 5, 50),
	(11673, 3, 9, 60),
	(11674, 2, 5, 260),
	(11674, 7, 9, 129),
	(11674, 17, 5, 159),
	(11675, 3, 9, 60),
	(11675, 5, 5, 30),
	(11675, 7, 9, 129),
	(11675, 17, 9, 159),
	(11676, 2, 5, 260),
	(11676, 7, 5, 129),
	(11677, 4, 4, 60),
	(11677, 13, 5, 39),
	(11678, 17, 6, 159),
	(11679, 2, 5, 260),
	(11679, 17, 5, 159),
	(11680, 11, 4, 50),
	(11681, 3, 7, 60),
	(11682, 15, 4, 90),
	(11683, 2, 5, 260),
	(11683, 7, 9, 129),
	(11683, 17, 5, 159),
	(11684, 2, 5, 260),
	(11684, 7, 5, 129),
	(11685, 1, 5, 199),
	(11685, 7, 5, 129),
	(11686, 4, 5, 60),
	(11686, 13, 5, 39),
	(11687, 6, 4, 65),
	(11687, 8, 3, 100),
	(11687, 9, 2, 109),
	(11687, 12, 5, 25),
	(11688, 17, 6, 159),
	(11689, 2, 6, 260),
	(11689, 17, 6, 159),
	(11690, 11, 4, 50),
	(11691, 3, 7, 60),
	(11692, 15, 4, 90),
	(11693, 5, 5, 30),
	(11694, 3, 9, 60),
	(11694, 4, 4, 60),
	(11694, 10, 5, 25),
	(11695, 2, 5, 260),
	(11695, 7, 5, 129),
	(11696, 1, 2, 199),
	(11696, 7, 4, 129),
	(11697, 4, 4, 60),
	(11697, 13, 5, 39),
	(11698, 6, 4, 65),
	(11698, 8, 9, 100),
	(11698, 9, 2, 109),
	(11698, 12, 5, 25),
	(11699, 17, 6, 159),
	(11700, 4, 4, 60),
	(11700, 5, 9, 30),
	(11700, 10, 9, 25),
	(11700, 13, 5, 39),
	(11701, 2, 6, 260),
	(11701, 17, 6, 159),
	(11702, 11, 4, 50),
	(11703, 2, 4, 260),
	(11703, 7, 9, 129),
	(11703, 17, 5, 159),
	(11704, 5, 5, 30),
	(11705, 3, 9, 60),
	(11705, 4, 5, 60),
	(11705, 10, 5, 25),
	(11706, 2, 5, 260),
	(11706, 7, 5, 129),
	(11707, 1, 9, 199),
	(11707, 6, 4, 65),
	(11707, 7, 9, 129),
	(11707, 8, 3, 100),
	(11707, 9, 2, 109),
	(11707, 12, 5, 25),
	(11708, 17, 6, 159),
	(11709, 4, 4, 60),
	(11709, 5, 9, 30),
	(11709, 10, 5, 25),
	(11709, 13, 9, 39),
	(11710, 2, 6, 260),
	(11710, 17, 6, 159),
	(11711, 3, 9, 60),
	(11711, 11, 4, 50),
	(11712, 15, 5, 90),
	(11713, 2, 5, 260),
	(11713, 7, 9, 129),
	(11713, 17, 5, 159),
	(11714, 3, 9, 60),
	(11714, 4, 4, 60),
	(11714, 5, 9, 30),
	(11714, 10, 5, 25),
	(11715, 2, 5, 260),
	(11715, 7, 5, 129),
	(11716, 1, 2, 199),
	(11716, 7, 4, 129),
	(11717, 4, 4, 60),
	(11717, 13, 5, 39),
	(11718, 6, 4, 65),
	(11718, 8, 3, 100),
	(11718, 9, 2, 109),
	(11718, 12, 5, 25),
	(11719, 17, 6, 159),
	(11720, 4, 4, 60),
	(11720, 5, 9, 30),
	(11720, 10, 5, 25),
	(11720, 13, 4, 39),
	(11721, 2, 5, 260),
	(11721, 17, 5, 159),
	(11722, 11, 4, 50),
	(11723, 3, 7, 60),
	(11724, 15, 4, 90),
	(11725, 2, 5, 260),
	(11725, 7, 9, 129),
	(11725, 17, 5, 159),
	(11726, 3, 9, 60),
	(11726, 4, 4, 60),
	(11726, 5, 5, 30),
	(11726, 10, 5, 25),
	(11727, 2, 5, 260),
	(11727, 7, 5, 129),
	(11728, 1, 5, 199),
	(11728, 7, 5, 129),
	(11729, 4, 5, 60),
	(11729, 13, 5, 39),
	(11730, 6, 4, 65),
	(11730, 8, 3, 100),
	(11730, 9, 2, 109),
	(11730, 12, 5, 25),
	(11731, 17, 5, 159),
	(11732, 4, 4, 60),
	(11732, 5, 9, 30),
	(11732, 10, 5, 25),
	(11732, 13, 9, 39),
	(11733, 2, 5, 260),
	(11733, 17, 5, 159),
	(11734, 11, 5, 50),
	(11735, 3, 5, 60),
	(11735, 15, 5, 90),
	(11736, 2, 5, 260),
	(11736, 7, 9, 129),
	(11736, 17, 5, 159),
	(11737, 5, 5, 30),
	(11738, 3, 9, 60),
	(11738, 4, 4, 60),
	(11738, 10, 5, 25),
	(11739, 2, 5, 260),
	(11739, 7, 5, 129),
	(11740, 1, 2, 199),
	(11740, 7, 4, 129),
	(11741, 4, 4, 60),
	(11741, 13, 5, 39),
	(11742, 6, 5, 65),
	(11742, 8, 5, 100),
	(11742, 9, 5, 109),
	(11742, 12, 9, 25),
	(11743, 2, 5, 260),
	(11744, 4, 4, 60),
	(11744, 5, 9, 30),
	(11744, 10, 9, 25),
	(11744, 13, 5, 39),
	(11745, 2, 9, 260),
	(11745, 17, 9, 159),
	(11746, 11, 4, 50),
	(11747, 3, 9, 60),
	(11748, 15, 5, 90),
	(11749, 2, 5, 260),
	(11749, 7, 9, 129),
	(11749, 17, 5, 159),
	(11750, 5, 21, 30),
	(11751, 3, 5, 60),
	(11751, 4, 9, 60),
	(11751, 10, 9, 25),
	(11752, 2, 9, 260),
	(11752, 7, 21, 129),
	(11753, 1, 9, 199),
	(11753, 7, 9, 129),
	(11754, 4, 5, 60),
	(11754, 13, 9, 39),
	(11755, 2, 5, 260),
	(11755, 3, 9, 60),
	(11755, 7, 5, 129),
	(11755, 9, 9, 109),
	(11756, 7, 9, 129),
	(11757, 2, 9, 260),
	(11757, 5, 21, 30),
	(11757, 10, 9, 25),
	(11757, 13, 9, 39),
	(11758, 9, 5, 109),
	(11758, 15, 5, 90),
	(11759, 3, 5, 60),
	(11759, 11, 5, 50),
	(11760, 3, 9, 60),
	(11761, 2, 5, 260),
	(11761, 7, 9, 129),
	(11761, 17, 5, 159),
	(11762, 3, 9, 60),
	(11762, 5, 5, 30),
	(11762, 6, 5, 65),
	(11762, 12, 21, 25),
	(11763, 2, 5, 260),
	(11763, 7, 5, 129),
	(11764, 1, 2, 199),
	(11764, 7, 5, 129),
	(11765, 4, 4, 60),
	(11765, 13, 5, 39),
	(11766, 6, 4, 65),
	(11766, 8, 3, 100),
	(11766, 9, 2, 109),
	(11766, 12, 5, 25),
	(11767, 2, 5, 260),
	(11768, 4, 5, 60),
	(11768, 5, 9, 30),
	(11768, 10, 9, 25),
	(11768, 13, 5, 39),
	(11769, 2, 5, 260),
	(11769, 17, 5, 159),
	(11770, 11, 9, 50),
	(11771, 3, 7, 60),
	(11772, 15, 4, 90),
	(11773, 3, 5, 60),
	(11773, 8, 5, 100),
	(11773, 15, 5, 90),
	(11774, 2, 6, 270),
	(11775, 13, 5, 39),
	(11775, 15, 9, 90),
	(11775, 16, 5, 50),
	(11776, 2, 5, 260),
	(11776, 7, 5, 129),
	(11777, 2, 5, 260),
	(11777, 7, 5, 129),
	(11778, 9, 5, 109),
	(11778, 13, 10, 39),
	(11779, 6, 4, 65),
	(11779, 8, 3, 100),
	(11779, 9, 2, 109),
	(11779, 12, 5, 25),
	(11780, 17, 5, 159),
	(11781, 4, 4, 60),
	(11781, 5, 9, 30),
	(11781, 10, 5, 25),
	(11781, 13, 9, 39),
	(11782, 2, 5, 260),
	(11782, 17, 5, 159),
	(11783, 11, 4, 50),
	(11784, 3, 8, 60),
	(11785, 15, 4, 90),
	(11786, 2, 5, 260),
	(11786, 7, 9, 129),
	(11786, 17, 5, 159),
	(11787, 5, 5, 30),
	(11788, 3, 9, 60),
	(11788, 4, 4, 60),
	(11788, 10, 5, 25),
	(11789, 2, 5, 260),
	(11789, 7, 5, 129),
	(11790, 1, 2, 199),
	(11790, 7, 4, 129),
	(11791, 4, 4, 60),
	(11791, 13, 5, 39),
	(11792, 6, 4, 65),
	(11792, 8, 9, 100),
	(11792, 9, 2, 109),
	(11792, 12, 5, 25),
	(11793, 17, 5, 159),
	(11794, 4, 4, 60),
	(11794, 5, 9, 30),
	(11794, 10, 9, 25),
	(11794, 13, 5, 39),
	(11795, 2, 5, 260),
	(11795, 17, 5, 159),
	(11796, 11, 4, 50),
	(11797, 3, 9, 60),
	(11798, 15, 5, 90),
	(11799, 2, 5, 260),
	(11799, 7, 9, 129),
	(11799, 17, 5, 159),
	(11800, 13, 5, 39),
	(11801, 3, 9, 60),
	(11801, 4, 5, 60),
	(11801, 10, 5, 25),
	(11802, 2, 5, 260),
	(11802, 7, 5, 129),
	(11803, 1, 9, 199),
	(11803, 7, 9, 129),
	(11804, 4, 5, 60),
	(11804, 13, 9, 39),
	(11805, 6, 4, 65),
	(11805, 8, 3, 100),
	(11805, 9, 2, 109),
	(11805, 12, 5, 25),
	(11806, 17, 5, 159),
	(11807, 4, 4, 60),
	(11807, 5, 9, 30),
	(11807, 10, 5, 25),
	(11807, 13, 9, 39),
	(11808, 2, 5, 260),
	(11808, 17, 5, 159),
	(11809, 11, 4, 50),
	(11810, 4, 4, 60),
	(11810, 5, 9, 30),
	(11810, 10, 5, 25),
	(11810, 13, 4, 39),
	(11811, 2, 5, 260),
	(11811, 17, 5, 159),
	(11812, 11, 4, 50),
	(11813, 17, 9, 159),
	(11814, 3, 12, 60),
	(11815, 7, 5, 129),
	(11819, 1, 2, 199),
	(11819, 7, 4, 129),
	(11820, 4, 4, 60),
	(11820, 13, 5, 39),
	(11821, 6, 4, 65),
	(11821, 8, 3, 100),
	(11821, 9, 2, 109),
	(11821, 12, 5, 25),
	(11822, 17, 5, 159),
	(11823, 4, 4, 60),
	(11823, 5, 9, 30),
	(11823, 10, 5, 25),
	(11823, 13, 4, 39),
	(11824, 2, 5, 260),
	(11824, 17, 5, 159),
	(11825, 11, 4, 50),
	(11826, 3, 8, 60),
	(11827, 15, 4, 90),
	(11828, 2, 5, 260),
	(11828, 7, 9, 129),
	(11828, 17, 5, 159),
	(11829, 5, 5, 30),
	(11830, 3, 9, 60),
	(11830, 4, 4, 60),
	(11830, 10, 5, 25),
	(11831, 2, 5, 260),
	(11831, 7, 5, 129),
	(11832, 1, 5, 199),
	(11832, 7, 5, 129),
	(11833, 4, 5, 60),
	(11833, 13, 5, 39),
	(11834, 6, 4, 65),
	(11834, 8, 3, 100),
	(11834, 9, 2, 109),
	(11834, 12, 5, 25),
	(11835, 17, 5, 159),
	(11836, 4, 4, 60),
	(11836, 5, 9, 30),
	(11836, 10, 5, 25),
	(11836, 13, 9, 39),
	(11837, 2, 5, 260),
	(11837, 17, 5, 159),
	(11838, 11, 4, 50),
	(11839, 3, 7, 60),
	(11840, 15, 4, 90),
	(11841, 2, 5, 260),
	(11841, 7, 9, 129),
	(11841, 17, 5, 159),
	(11842, 5, 12, 30),
	(11843, 3, 9, 60),
	(11843, 4, 4, 60),
	(11843, 10, 5, 25),
	(11844, 2, 12, 270),
	(11844, 7, 12, 135),
	(11845, 1, 2, 199),
	(11845, 7, 4, 129),
	(11846, 4, 4, 60),
	(11846, 13, 5, 39),
	(11847, 6, 4, 65),
	(11847, 8, 9, 100),
	(11847, 9, 2, 109),
	(11847, 12, 5, 25),
	(11848, 17, 5, 159),
	(11849, 4, 4, 60),
	(11849, 5, 9, 30),
	(11849, 10, 9, 25),
	(11849, 13, 5, 39),
	(11850, 2, 5, 260),
	(11850, 17, 5, 159),
	(11851, 11, 4, 50),
	(11852, 3, 24, 60),
	(11853, 15, 5, 90),
	(11854, 2, 4, 260),
	(11854, 7, 9, 129),
	(11854, 17, 5, 159),
	(11855, 5, 6, 30),
	(11856, 3, 9, 60),
	(11856, 4, 5, 60),
	(11856, 10, 5, 25),
	(11857, 2, 5, 260),
	(11857, 7, 5, 129),
	(11858, 1, 9, 199),
	(11858, 7, 9, 129),
	(11859, 4, 5, 60),
	(11859, 13, 9, 39),
	(11860, 6, 4, 65),
	(11860, 8, 3, 100),
	(11860, 9, 2, 109),
	(11860, 12, 5, 25),
	(11861, 17, 5, 159),
	(11862, 4, 4, 60),
	(11862, 5, 9, 30),
	(11862, 10, 5, 25),
	(11862, 13, 9, 39),
	(11863, 2, 5, 260),
	(11863, 17, 5, 159),
	(11864, 3, 9, 60),
	(11864, 11, 4, 50),
	(11865, 15, 5, 90),
	(11866, 2, 5, 260),
	(11866, 7, 9, 129),
	(11866, 17, 5, 159),
	(11867, 3, 9, 60),
	(11867, 4, 4, 60),
	(11867, 5, 9, 30),
	(11867, 10, 5, 25),
	(11868, 2, 5, 260),
	(11868, 7, 5, 129),
	(11869, 1, 2, 199),
	(11869, 7, 4, 129),
	(11870, 4, 4, 60),
	(11870, 13, 5, 39),
	(11871, 6, 4, 65),
	(11871, 8, 3, 100),
	(11871, 9, 2, 109),
	(11871, 12, 5, 25),
	(11872, 17, 5, 159),
	(11873, 4, 4, 60),
	(11873, 5, 9, 30),
	(11873, 10, 5, 25),
	(11873, 13, 4, 39),
	(11874, 2, 5, 260),
	(11874, 17, 5, 159),
	(11875, 11, 4, 50),
	(11876, 3, 8, 60),
	(11877, 15, 4, 90),
	(11878, 2, 5, 260),
	(11878, 7, 9, 129),
	(11878, 17, 5, 159),
	(11879, 5, 5, 30),
	(11880, 3, 9, 60),
	(11880, 4, 4, 60),
	(11880, 10, 5, 25),
	(11881, 2, 12, 270),
	(11881, 7, 12, 135),
	(11882, 1, 6, 199),
	(11882, 7, 6, 135),
	(11883, 4, 5, 60),
	(11883, 13, 5, 39),
	(11884, 6, 4, 65),
	(11884, 8, 3, 100),
	(11884, 9, 2, 109),
	(11884, 12, 5, 25),
	(11885, 17, 5, 159),
	(11886, 4, 4, 60),
	(11886, 5, 9, 30),
	(11886, 10, 5, 25),
	(11886, 13, 9, 39),
	(11887, 2, 5, 260),
	(11887, 17, 5, 159),
	(11888, 11, 5, 50),
	(11889, 3, 5, 60),
	(11889, 15, 5, 90),
	(11890, 2, 5, 260),
	(11890, 7, 9, 129),
	(11890, 17, 5, 159),
	(11891, 5, 12, 30),
	(11892, 3, 9, 60),
	(11892, 4, 4, 60),
	(11892, 10, 5, 25),
	(11893, 2, 12, 270),
	(11893, 7, 12, 135),
	(11894, 1, 2, 199),
	(11894, 7, 4, 135),
	(11895, 4, 4, 60),
	(11895, 13, 5, 39),
	(11896, 6, 5, 65),
	(11896, 8, 5, 100),
	(11896, 9, 5, 109),
	(11896, 12, 9, 25),
	(11897, 2, 12, 270),
	(11898, 4, 4, 60),
	(11898, 5, 9, 30),
	(11898, 10, 9, 25),
	(11898, 13, 5, 39),
	(11899, 2, 9, 260),
	(11899, 17, 9, 159),
	(11900, 11, 4, 50),
	(11901, 3, 24, 60),
	(11902, 15, 5, 90),
	(11903, 2, 5, 260),
	(11903, 7, 9, 129),
	(11903, 17, 5, 159),
	(11904, 5, 36, 30),
	(11905, 3, 12, 60),
	(11905, 4, 10, 65),
	(11905, 10, 24, 25),
	(11906, 2, 24, 270),
	(11906, 7, 36, 135),
	(11907, 1, 10, 199),
	(11907, 7, 24, 135),
	(11908, 4, 5, 60),
	(11908, 13, 9, 39),
	(11909, 2, 5, 260),
	(11909, 3, 9, 60),
	(11909, 7, 5, 129),
	(11909, 9, 9, 109),
	(11910, 7, 24, 135),
	(11911, 2, 9, 260),
	(11911, 5, 21, 30),
	(11911, 10, 9, 25),
	(11911, 13, 9, 39),
	(11912, 9, 5, 109),
	(11912, 15, 5, 90),
	(11913, 3, 5, 60),
	(11913, 11, 5, 50),
	(11914, 3, 24, 60),
	(11915, 2, 5, 260),
	(11915, 7, 9, 129),
	(11915, 17, 5, 159),
	(11916, 3, 9, 60),
	(11916, 5, 5, 30),
	(11916, 6, 5, 65),
	(11916, 12, 21, 25),
	(11917, 2, 6, 270),
	(11917, 7, 6, 135),
	(11918, 1, 2, 199),
	(11918, 7, 12, 135),
	(11919, 4, 4, 60),
	(11919, 13, 5, 39),
	(11920, 6, 4, 65),
	(11920, 8, 3, 100),
	(11920, 9, 2, 109),
	(11920, 12, 5, 25),
	(11921, 2, 12, 270),
	(11922, 4, 5, 60),
	(11922, 5, 9, 30),
	(11922, 10, 9, 25),
	(11922, 13, 5, 39),
	(11923, 2, 5, 260),
	(11923, 17, 5, 159),
	(11924, 11, 10, 53),
	(11925, 3, 8, 60),
	(11926, 15, 4, 90),
	(11927, 3, 5, 60),
	(11927, 8, 5, 100),
	(11927, 15, 5, 90),
	(11928, 2, 6, 270),
	(11929, 13, 5, 39),
	(11929, 15, 9, 90),
	(11929, 16, 5, 50),
	(11930, 2, 12, 270),
	(11930, 7, 12, 135),
	(11931, 2, 6, 270),
	(11931, 7, 6, 135),
	(11932, 9, 5, 109),
	(11932, 13, 10, 39),
	(11933, 6, 4, 65),
	(11933, 8, 3, 100),
	(11933, 9, 2, 115),
	(11933, 12, 6, 25),
	(11934, 17, 5, 159),
	(11935, 4, 4, 60),
	(11935, 5, 9, 30),
	(11935, 10, 5, 25),
	(11935, 13, 9, 39),
	(11936, 2, 5, 260),
	(11936, 17, 5, 159),
	(11937, 11, 4, 50),
	(11938, 3, 8, 60),
	(11939, 15, 4, 90),
	(11940, 2, 5, 260),
	(11940, 7, 9, 129),
	(11940, 17, 5, 159),
	(11941, 5, 12, 30),
	(11942, 3, 10, 60),
	(11942, 4, 4, 65),
	(11942, 10, 20, 25),
	(11943, 2, 12, 270),
	(11943, 7, 12, 135),
	(11944, 1, 2, 199),
	(11944, 7, 4, 135),
	(11945, 4, 4, 65),
	(11945, 13, 6, 39),
	(11946, 6, 4, 65),
	(11946, 8, 9, 100),
	(11946, 9, 2, 109),
	(11946, 12, 5, 25),
	(11947, 17, 5, 159),
	(11948, 4, 4, 60),
	(11948, 5, 9, 30),
	(11948, 10, 9, 25),
	(11948, 13, 5, 39),
	(11949, 2, 5, 260),
	(11949, 17, 5, 159),
	(11950, 11, 4, 50),
	(11951, 3, 24, 60),
	(11952, 15, 5, 90),
	(11953, 2, 5, 260),
	(11953, 7, 9, 129),
	(11953, 17, 5, 159),
	(11954, 13, 20, 39),
	(11955, 3, 10, 60),
	(11955, 4, 20, 65),
	(11955, 10, 20, 25),
	(11956, 2, 12, 270),
	(11956, 7, 12, 135),
	(11957, 1, 10, 199),
	(11957, 7, 24, 135),
	(11958, 4, 5, 60),
	(11958, 13, 9, 39),
	(11959, 6, 4, 65),
	(11959, 8, 3, 100),
	(11959, 9, 2, 109),
	(11959, 12, 5, 25),
	(11960, 17, 5, 159),
	(11961, 4, 4, 60),
	(11961, 5, 10, 30),
	(11961, 10, 12, 25),
	(11961, 13, 10, 39),
	(11962, 2, 5, 260),
	(11962, 17, 5, 159),
	(11963, 3, 24, 60),
	(11963, 11, 4, 53),
	(11964, 15, 5, 90),
	(11965, 2, 5, 260),
	(11965, 7, 9, 129),
	(11965, 17, 5, 159),
	(11966, 3, 10, 60),
	(11966, 4, 4, 65),
	(11966, 5, 24, 30),
	(11966, 10, 20, 25),
	(11967, 2, 12, 270),
	(11967, 7, 12, 135),
	(11968, 1, 2, 199),
	(11968, 7, 4, 135),
	(11969, 4, 4, 60),
	(11969, 13, 5, 39),
	(11970, 6, 4, 65),
	(11970, 8, 3, 100),
	(11970, 9, 2, 109),
	(11970, 12, 5, 25),
	(11971, 17, 5, 159),
	(11972, 4, 4, 65),
	(11972, 5, 10, 30),
	(11972, 10, 12, 25),
	(11972, 13, 5, 39),
	(11973, 2, 5, 260),
	(11973, 17, 5, 159),
	(11974, 11, 4, 53),
	(11975, 17, 9, 159),
	(11976, 3, 12, 60),
	(11977, 2, 5, 260),
	(11977, 7, 5, 129),
	(11977, 17, 5, 159),
	(11978, 3, 10, 60),
	(11978, 4, 4, 65),
	(11978, 5, 6, 30),
	(11978, 10, 20, 25),
	(11979, 2, 12, 270),
	(11979, 7, 12, 135),
	(11980, 1, 6, 199),
	(11980, 7, 6, 135),
	(11981, 10, 9, 25),
	(11981, 13, 5, 39),
	(11982, 2, 12, 270),
	(11982, 3, 12, 60),
	(11982, 8, 24, 100),
	(11982, 9, 24, 115),
	(11983, 17, 5, 159),
	(11984, 1, 9, 199),
	(11984, 2, 5, 260),
	(11984, 7, 9, 129),
	(11984, 17, 9, 159),
	(11985, 2, 12, 270),
	(11985, 17, 24, 179),
	(11986, 3, 24, 60),
	(11987, 3, 20, 60),
	(11987, 15, 6, 90),
	(11988, 2, 5, 260),
	(11988, 7, 9, 129),
	(11988, 17, 5, 159),
	(11989, 2, 12, 270),
	(11990, 3, 10, 60),
	(11990, 4, 4, 65),
	(11990, 7, 36, 135),
	(11991, 2, 12, 270),
	(11991, 7, 12, 135),
	(11992, 1, 2, 199),
	(11992, 7, 4, 135),
	(11993, 4, 12, 65),
	(11993, 13, 24, 39),
	(11994, 6, 6, 65),
	(11994, 8, 6, 100),
	(11994, 9, 12, 115),
	(11994, 12, 24, 25),
	(11995, 2, 9, 270),
	(11996, 4, 4, 65),
	(11996, 5, 10, 30),
	(11996, 10, 24, 25),
	(11996, 13, 12, 39),
	(11997, 2, 9, 260),
	(11997, 17, 9, 159),
	(11998, 11, 4, 53),
	(11999, 3, 24, 60),
	(12000, 15, 5, 90),
	(12001, 2, 5, 260),
	(12001, 7, 9, 129),
	(12001, 17, 5, 159),
	(12002, 5, 36, 30),
	(12003, 3, 12, 60),
	(12003, 4, 10, 65),
	(12003, 10, 24, 25),
	(12004, 2, 24, 270),
	(12004, 7, 36, 135),
	(12005, 1, 10, 199),
	(12005, 7, 24, 135),
	(12006, 4, 12, 65),
	(12006, 13, 24, 39),
	(12007, 2, 6, 270),
	(12007, 3, 24, 60),
	(12007, 7, 12, 135),
	(12007, 9, 24, 115),
	(12008, 7, 24, 135),
	(12009, 2, 10, 270),
	(12009, 5, 36, 30),
	(12009, 10, 24, 25),
	(12009, 13, 24, 39),
	(12010, 9, 5, 109),
	(12010, 15, 5, 90),
	(12011, 3, 12, 60),
	(12011, 11, 12, 53),
	(12012, 3, 24, 60),
	(12013, 2, 12, 270),
	(12013, 7, 24, 135),
	(12013, 17, 12, 179),
	(12014, 3, 10, 60),
	(12014, 5, 12, 30),
	(12014, 7, 24, 129),
	(12014, 17, 24, 159),
	(12015, 2, 6, 270),
	(12015, 7, 6, 135),
	(12016, 4, 4, 65),
	(12016, 13, 6, 39),
	(12017, 17, 5, 159),
	(12018, 2, 5, 260),
	(12018, 17, 5, 159),
	(12019, 11, 4, 53),
	(12020, 3, 8, 60),
	(12021, 15, 4, 90),
	(12022, 2, 6, 270),
	(12022, 7, 10, 135),
	(12022, 17, 12, 179),
	(12023, 2, 12, 270),
	(12023, 7, 12, 135),
	(12024, 1, 6, 199),
	(12024, 7, 6, 135),
	(12025, 4, 12, 65),
	(12025, 13, 12, 39),
	(12026, 6, 4, 65),
	(12026, 8, 3, 100),
	(12026, 9, 2, 115),
	(12026, 12, 6, 25),
	(12027, 17, 5, 159),
	(12028, 2, 5, 260),
	(12028, 17, 5, 159),
	(12029, 11, 4, 53),
	(12030, 3, 8, 60),
	(12031, 15, 4, 90),
	(12032, 5, 12, 30),
	(12033, 3, 10, 60),
	(12033, 4, 4, 65),
	(12033, 10, 20, 25),
	(12034, 2, 12, 270),
	(12034, 7, 12, 135),
	(12035, 1, 2, 199),
	(12035, 7, 4, 135),
	(12036, 4, 4, 65),
	(12036, 13, 6, 39),
	(12037, 6, 4, 65),
	(12037, 8, 10, 100),
	(12037, 9, 2, 115),
	(12037, 12, 12, 25),
	(12038, 17, 5, 159),
	(12039, 4, 4, 60),
	(12039, 5, 9, 30),
	(12039, 10, 9, 25),
	(12039, 13, 5, 39),
	(12040, 2, 5, 260),
	(12040, 17, 5, 159),
	(12041, 11, 4, 53),
	(12042, 2, 4, 260),
	(12042, 7, 9, 129),
	(12042, 17, 5, 159),
	(12043, 5, 6, 30),
	(12044, 3, 10, 60),
	(12044, 4, 20, 65),
	(12044, 10, 20, 25),
	(12045, 2, 12, 270),
	(12045, 7, 12, 135),
	(12046, 1, 10, 199),
	(12046, 6, 4, 65),
	(12046, 7, 24, 135),
	(12046, 8, 3, 100),
	(12046, 9, 2, 115),
	(12046, 12, 6, 25),
	(12047, 17, 5, 159),
	(12048, 4, 4, 65),
	(12048, 5, 10, 30),
	(12048, 10, 12, 25),
	(12048, 13, 10, 39),
	(12049, 2, 5, 260),
	(12049, 17, 5, 159),
	(12050, 3, 24, 60),
	(12050, 11, 4, 53),
	(12051, 15, 12, 90),
	(12052, 2, 6, 270),
	(12052, 7, 10, 135),
	(12052, 17, 12, 179),
	(12053, 3, 10, 60),
	(12053, 4, 4, 65),
	(12053, 5, 24, 30),
	(12053, 10, 20, 25),
	(12054, 2, 12, 270),
	(12054, 7, 12, 135),
	(12055, 1, 2, 199),
	(12055, 7, 4, 135),
	(12056, 4, 4, 65),
	(12056, 13, 6, 39),
	(12057, 6, 4, 65),
	(12057, 8, 3, 100),
	(12057, 9, 2, 115),
	(12057, 12, 6, 25),
	(12058, 17, 5, 159),
	(12059, 4, 4, 65),
	(12059, 5, 10, 30),
	(12059, 10, 12, 25),
	(12059, 13, 5, 39),
	(12060, 2, 5, 260),
	(12060, 17, 5, 159),
	(12061, 11, 4, 53),
	(12062, 3, 7, 60),
	(12063, 15, 4, 90),
	(12064, 2, 6, 270),
	(12064, 7, 10, 135),
	(12064, 17, 12, 179),
	(12065, 3, 10, 60),
	(12065, 4, 4, 65),
	(12065, 5, 6, 30),
	(12065, 10, 20, 25),
	(12066, 2, 12, 270),
	(12066, 7, 12, 135),
	(12067, 1, 6, 199),
	(12067, 7, 6, 135),
	(12068, 4, 12, 65),
	(12068, 13, 12, 39),
	(12069, 6, 4, 65),
	(12069, 8, 3, 100),
	(12069, 9, 2, 115),
	(12069, 12, 6, 25),
	(12070, 17, 5, 159),
	(12071, 4, 4, 65),
	(12071, 5, 10, 30),
	(12071, 10, 12, 25),
	(12071, 13, 10, 39),
	(12072, 2, 6, 270),
	(12072, 17, 6, 179),
	(12073, 11, 12, 53),
	(12074, 3, 20, 60),
	(12074, 15, 6, 90),
	(12075, 2, 6, 270),
	(12075, 7, 10, 135),
	(12075, 17, 12, 179),
	(12076, 5, 9, 30),
	(12077, 3, 10, 60),
	(12077, 4, 4, 65),
	(12077, 10, 20, 25),
	(12078, 2, 12, 270),
	(12078, 7, 12, 135),
	(12079, 1, 2, 199),
	(12079, 7, 4, 135),
	(12080, 4, 4, 65),
	(12080, 13, 6, 39),
	(12081, 6, 6, 65),
	(12081, 8, 6, 100),
	(12081, 9, 12, 115),
	(12081, 12, 24, 25),
	(12082, 2, 9, 270),
	(12083, 4, 4, 65),
	(12083, 5, 10, 30),
	(12083, 10, 24, 25),
	(12083, 13, 12, 39),
	(12084, 2, 24, 270),
	(12084, 17, 24, 179),
	(12085, 11, 4, 53),
	(12086, 3, 15, 60),
	(12087, 15, 12, 90),
	(12088, 2, 12, 270),
	(12088, 7, 24, 135),
	(12088, 17, 12, 179),
	(12089, 5, 36, 30),
	(12090, 3, 12, 60),
	(12090, 4, 10, 65),
	(12090, 10, 24, 25),
	(12091, 2, 24, 270),
	(12091, 7, 36, 135),
	(12092, 1, 9, 199),
	(12092, 7, 15, 135),
	(12093, 4, 12, 65),
	(12093, 13, 24, 39),
	(12094, 2, 5, 270),
	(12094, 3, 15, 60),
	(12094, 7, 9, 135),
	(12094, 9, 15, 115),
	(12095, 7, 15, 135),
	(12096, 2, 10, 270),
	(12096, 5, 36, 30),
	(12096, 10, 24, 25),
	(12096, 13, 24, 39),
	(12097, 9, 12, 115),
	(12097, 15, 12, 90),
	(12098, 3, 12, 60),
	(12098, 11, 12, 53),
	(12099, 3, 15, 60),
	(12100, 2, 12, 270),
	(12100, 7, 24, 135),
	(12100, 17, 12, 179),
	(12101, 3, 10, 60),
	(12101, 5, 12, 30),
	(12101, 6, 12, 65),
	(12101, 12, 36, 25),
	(12102, 2, 5, 270),
	(12102, 7, 5, 135),
	(12103, 1, 2, 199),
	(12103, 7, 9, 135),
	(12104, 4, 4, 65),
	(12104, 13, 12, 39),
	(12105, 6, 4, 65),
	(12105, 8, 3, 100),
	(12105, 9, 2, 115),
	(12105, 12, 6, 25),
	(12106, 2, 9, 270),
	(12107, 4, 12, 65),
	(12107, 5, 24, 30),
	(12107, 10, 24, 25),
	(12107, 13, 12, 39),
	(12108, 2, 6, 270),
	(12108, 17, 6, 179),
	(12109, 11, 10, 53),
	(12110, 3, 7, 60),
	(12111, 15, 4, 90),
	(12112, 3, 12, 60),
	(12112, 8, 12, 100),
	(12112, 15, 12, 90),
	(12113, 2, 5, 270),
	(12114, 13, 12, 39),
	(12114, 15, 24, 90),
	(12114, 16, 12, 55),
	(12115, 2, 9, 270),
	(12115, 7, 9, 135),
	(12116, 2, 5, 270),
	(12116, 7, 5, 135),
	(12117, 9, 12, 115),
	(12117, 13, 25, 39),
	(12118, 6, 4, 65),
	(12118, 8, 3, 100),
	(12118, 9, 2, 115),
	(12118, 12, 6, 25),
	(12119, 17, 6, 159),
	(12120, 4, 4, 65),
	(12120, 5, 10, 30),
	(12120, 10, 12, 25),
	(12120, 13, 10, 39),
	(12121, 2, 6, 270),
	(12121, 17, 6, 179),
	(12122, 11, 4, 53),
	(12123, 3, 7, 60),
	(12124, 15, 4, 90),
	(12125, 2, 6, 270),
	(12125, 7, 10, 135),
	(12125, 17, 12, 179),
	(12126, 5, 9, 30),
	(12127, 3, 10, 60),
	(12127, 4, 4, 65),
	(12127, 10, 20, 25),
	(12128, 2, 9, 270),
	(12128, 7, 9, 135),
	(12129, 1, 2, 199),
	(12129, 7, 4, 135),
	(12130, 4, 4, 65),
	(12130, 13, 6, 39),
	(12131, 6, 4, 65),
	(12131, 8, 10, 100),
	(12131, 9, 2, 115),
	(12131, 12, 12, 25),
	(12132, 17, 6, 179),
	(12133, 4, 4, 65),
	(12133, 5, 10, 30),
	(12133, 10, 24, 25),
	(12133, 13, 12, 39),
	(12134, 2, 6, 270),
	(12134, 17, 6, 179),
	(12135, 11, 4, 53),
	(12136, 3, 15, 60),
	(12137, 15, 12, 90),
	(12138, 2, 12, 270),
	(12138, 7, 10, 135),
	(12138, 17, 12, 179),
	(12139, 13, 20, 39),
	(12140, 3, 10, 60),
	(12140, 4, 20, 65),
	(12140, 10, 20, 25),
	(12141, 2, 9, 270),
	(12141, 7, 9, 135),
	(12142, 1, 9, 199),
	(12142, 7, 15, 135),
	(12143, 4, 12, 65),
	(12143, 13, 24, 39),
	(12144, 6, 4, 65),
	(12144, 8, 3, 100),
	(12144, 9, 2, 115),
	(12144, 12, 6, 25),
	(12145, 17, 6, 179),
	(12146, 4, 4, 65),
	(12146, 5, 10, 30),
	(12146, 10, 12, 25),
	(12146, 13, 10, 39),
	(12147, 2, 6, 270),
	(12147, 17, 6, 179),
	(12148, 11, 4, 53),
	(12149, 4, 4, 65),
	(12149, 5, 10, 30),
	(12149, 10, 12, 25),
	(12149, 13, 5, 39),
	(12150, 2, 12, 270),
	(12150, 17, 12, 179),
	(12151, 11, 4, 53),
	(12152, 17, 24, 179),
	(12153, 3, 9, 60),
	(12154, 7, 5, 135),
	(12158, 1, 2, 199),
	(12158, 7, 4, 135),
	(12159, 4, 4, 65),
	(12159, 13, 6, 39),
	(12160, 6, 4, 65),
	(12160, 8, 3, 100),
	(12160, 9, 2, 115),
	(12160, 12, 6, 25),
	(12161, 17, 6, 179),
	(12162, 4, 4, 65),
	(12162, 5, 10, 30),
	(12162, 10, 12, 25),
	(12162, 13, 5, 39),
	(12163, 2, 6, 270),
	(12163, 17, 6, 179),
	(12164, 11, 4, 53),
	(12165, 3, 7, 60),
	(12166, 15, 4, 90),
	(12167, 2, 6, 270),
	(12167, 7, 10, 135),
	(12167, 17, 12, 179),
	(12168, 5, 5, 30),
	(12169, 3, 10, 60),
	(12169, 4, 4, 65),
	(12169, 10, 20, 25),
	(12170, 2, 9, 270),
	(12170, 7, 9, 135),
	(12171, 1, 5, 199),
	(12171, 7, 5, 135),
	(12172, 4, 12, 65),
	(12172, 13, 12, 39),
	(12173, 6, 4, 65),
	(12173, 8, 3, 100),
	(12173, 9, 2, 115),
	(12173, 12, 5, 25),
	(12174, 17, 6, 179),
	(12175, 4, 4, 65),
	(12175, 5, 10, 30),
	(12175, 10, 12, 25),
	(12175, 13, 10, 39),
	(12176, 2, 6, 270),
	(12176, 17, 6, 179),
	(12177, 11, 4, 53),
	(12178, 3, 7, 60),
	(12179, 15, 4, 90),
	(12180, 2, 6, 270),
	(12180, 7, 10, 135),
	(12180, 17, 12, 179),
	(12181, 5, 9, 30),
	(12182, 3, 9, 60),
	(12182, 4, 4, 65),
	(12182, 10, 11, 25),
	(12183, 2, 9, 270),
	(12183, 7, 9, 135),
	(12184, 1, 2, 199),
	(12184, 7, 4, 135),
	(12185, 4, 4, 65),
	(12185, 13, 6, 39),
	(12186, 6, 4, 65),
	(12186, 8, 10, 100),
	(12186, 9, 2, 115),
	(12186, 12, 12, 25),
	(12187, 17, 6, 179),
	(12188, 4, 4, 65),
	(12188, 5, 10, 30),
	(12188, 10, 24, 25),
	(12188, 13, 12, 39),
	(12189, 2, 6, 270),
	(12189, 17, 6, 179),
	(12190, 11, 4, 53),
	(12191, 3, 15, 60),
	(12192, 15, 12, 90),
	(12193, 2, 19, 270),
	(12193, 7, 10, 135),
	(12193, 17, 12, 179),
	(12194, 5, 5, 30),
	(12195, 3, 9, 60),
	(12195, 4, 11, 65),
	(12195, 10, 11, 25),
	(12196, 2, 9, 270),
	(12196, 7, 9, 135),
	(12197, 1, 9, 199),
	(12197, 7, 15, 135),
	(12198, 4, 12, 65),
	(12198, 13, 24, 39),
	(12199, 6, 4, 65),
	(12199, 8, 3, 100),
	(12199, 9, 2, 115),
	(12199, 12, 6, 25),
	(12200, 17, 6, 179),
	(12201, 4, 4, 65),
	(12201, 5, 10, 30),
	(12201, 10, 12, 25),
	(12201, 13, 10, 39),
	(12202, 2, 6, 270),
	(12202, 17, 6, 179),
	(12203, 3, 15, 60),
	(12203, 11, 4, 53),
	(12204, 15, 12, 90),
	(12205, 2, 6, 270),
	(12205, 7, 10, 135),
	(12205, 17, 12, 179),
	(12206, 3, 9, 60),
	(12206, 4, 4, 65),
	(12206, 5, 15, 30),
	(12206, 10, 11, 25),
	(12207, 2, 9, 270),
	(12207, 7, 9, 135),
	(12208, 1, 2, 199),
	(12208, 7, 4, 135),
	(12209, 4, 4, 65),
	(12209, 13, 6, 39),
	(12210, 6, 4, 65),
	(12210, 8, 3, 100),
	(12210, 9, 2, 115),
	(12210, 12, 6, 25),
	(12211, 17, 6, 179),
	(12212, 4, 4, 65),
	(12212, 5, 10, 30),
	(12212, 10, 12, 25),
	(12212, 13, 5, 39),
	(12213, 2, 6, 270),
	(12213, 17, 6, 179),
	(12214, 11, 4, 53),
	(12215, 3, 7, 60),
	(12216, 15, 4, 90),
	(12217, 2, 6, 270),
	(12217, 7, 10, 135),
	(12217, 17, 12, 179),
	(12218, 5, 5, 30),
	(12219, 3, 10, 60),
	(12219, 4, 4, 65),
	(12219, 10, 20, 25),
	(12220, 2, 9, 270),
	(12220, 7, 9, 135),
	(12221, 1, 5, 199),
	(12221, 7, 5, 135),
	(12222, 4, 12, 65),
	(12222, 13, 12, 39),
	(12223, 6, 4, 65),
	(12223, 8, 3, 100),
	(12223, 9, 2, 115),
	(12223, 12, 5, 25),
	(12224, 17, 6, 179),
	(12225, 4, 4, 65),
	(12225, 5, 10, 30),
	(12225, 10, 12, 25),
	(12225, 13, 10, 39),
	(12226, 2, 6, 270),
	(12226, 17, 6, 179),
	(12227, 11, 9, 53),
	(12228, 3, 20, 60),
	(12228, 15, 6, 90),
	(12229, 2, 6, 270),
	(12229, 7, 10, 135),
	(12229, 17, 12, 179),
	(12230, 5, 9, 30),
	(12231, 3, 9, 60),
	(12231, 4, 4, 65),
	(12231, 10, 11, 25),
	(12232, 2, 9, 270),
	(12232, 7, 9, 135),
	(12233, 1, 2, 199),
	(12233, 7, 4, 135),
	(12234, 4, 4, 65),
	(12234, 13, 5, 39),
	(12235, 6, 5, 65),
	(12235, 8, 5, 100),
	(12235, 9, 9, 115),
	(12235, 12, 15, 25),
	(12236, 2, 9, 270),
	(12237, 4, 4, 65),
	(12237, 5, 9, 30),
	(12237, 10, 15, 25),
	(12237, 13, 9, 39),
	(12238, 2, 24, 270),
	(12238, 17, 24, 179),
	(12239, 11, 4, 53),
	(12240, 3, 15, 60),
	(12241, 15, 12, 90),
	(12242, 2, 12, 270),
	(12242, 7, 24, 135),
	(12242, 17, 12, 179),
	(12243, 5, 27, 30),
	(12244, 3, 9, 60),
	(12244, 4, 9, 65),
	(12244, 10, 15, 25),
	(12245, 2, 15, 270),
	(12245, 7, 27, 135),
	(12246, 1, 9, 199),
	(12246, 7, 15, 135),
	(12247, 4, 9, 65),
	(12247, 13, 15, 39),
	(12248, 2, 5, 270),
	(12248, 3, 15, 60),
	(12248, 7, 9, 135),
	(12248, 9, 15, 115),
	(12249, 7, 15, 135),
	(12250, 2, 9, 270),
	(12250, 5, 27, 30),
	(12250, 10, 15, 25),
	(12250, 13, 15, 39),
	(12251, 9, 12, 115),
	(12251, 15, 12, 90),
	(12252, 3, 9, 60),
	(12252, 11, 9, 53),
	(12253, 3, 15, 60),
	(12254, 2, 12, 270),
	(12254, 7, 24, 135),
	(12254, 17, 12, 179),
	(12255, 3, 9, 60),
	(12255, 5, 9, 30),
	(12255, 6, 9, 65),
	(12255, 12, 27, 25),
	(12256, 2, 5, 270),
	(12256, 7, 5, 135),
	(12257, 1, 2, 199),
	(12257, 7, 9, 135),
	(12258, 4, 4, 65),
	(12258, 13, 9, 39),
	(12259, 6, 4, 65),
	(12259, 8, 3, 100),
	(12259, 9, 2, 115),
	(12259, 12, 5, 25),
	(12260, 2, 9, 270),
	(12261, 4, 9, 65),
	(12261, 5, 15, 30),
	(12261, 10, 15, 25),
	(12261, 13, 9, 39),
	(12262, 2, 5, 270),
	(12262, 17, 5, 179),
	(12263, 11, 9, 53),
	(12264, 3, 7, 60),
	(12265, 15, 4, 90),
	(12266, 3, 9, 60),
	(12266, 8, 9, 100),
	(12266, 15, 9, 90),
	(12267, 2, 5, 270),
	(12268, 13, 12, 39),
	(12268, 15, 24, 90),
	(12268, 16, 12, 55),
	(12269, 2, 9, 270),
	(12269, 7, 9, 135),
	(12270, 2, 5, 270),
	(12270, 7, 5, 135),
	(12271, 9, 9, 115),
	(12271, 13, 16, 39),
	(12272, 6, 4, 65),
	(12272, 8, 3, 100),
	(12272, 9, 2, 115),
	(12272, 12, 5, 25),
	(12273, 17, 6, 179),
	(12274, 4, 4, 65),
	(12274, 5, 9, 30),
	(12274, 10, 9, 25),
	(12274, 13, 9, 39),
	(12275, 2, 6, 270),
	(12275, 17, 6, 179),
	(12276, 11, 4, 53),
	(12277, 3, 7, 60),
	(12278, 15, 4, 90),
	(12279, 2, 6, 270),
	(12279, 7, 10, 135),
	(12279, 17, 12, 179),
	(12280, 5, 9, 30),
	(12281, 3, 9, 60),
	(12281, 4, 4, 65),
	(12281, 10, 11, 25),
	(12282, 2, 9, 270),
	(12282, 7, 9, 135),
	(12283, 1, 2, 199),
	(12283, 7, 4, 135),
	(12284, 4, 4, 65),
	(12284, 13, 5, 39),
	(12285, 6, 4, 65),
	(12285, 8, 9, 100),
	(12285, 9, 2, 115),
	(12285, 12, 9, 25),
	(12286, 17, 6, 179),
	(12287, 4, 4, 65),
	(12287, 5, 9, 30),
	(12287, 10, 15, 25),
	(12287, 13, 9, 39),
	(12288, 2, 6, 270),
	(12288, 17, 6, 179),
	(12289, 11, 4, 53),
	(12290, 3, 15, 60),
	(12291, 15, 9, 90),
	(12292, 2, 9, 270),
	(12292, 7, 9, 135),
	(12292, 17, 9, 179),
	(12293, 13, 11, 39),
	(12294, 3, 9, 60),
	(12294, 4, 11, 65),
	(12294, 10, 11, 25),
	(12295, 2, 9, 270),
	(12295, 7, 9, 135),
	(12296, 1, 9, 199),
	(12296, 7, 15, 135),
	(12297, 4, 9, 65),
	(12297, 13, 15, 39),
	(12298, 6, 4, 65),
	(12298, 8, 3, 100),
	(12298, 9, 2, 115),
	(12298, 12, 5, 25),
	(12299, 17, 6, 179),
	(12300, 4, 4, 65),
	(12300, 5, 9, 30),
	(12300, 10, 9, 25),
	(12300, 13, 9, 39),
	(12301, 2, 6, 270),
	(12301, 17, 6, 179),
	(12302, 3, 15, 60),
	(12302, 11, 4, 53),
	(12303, 15, 9, 90),
	(12304, 2, 5, 270),
	(12304, 7, 9, 135),
	(12304, 17, 9, 179),
	(12305, 3, 9, 60),
	(12305, 4, 4, 65),
	(12305, 5, 15, 30),
	(12305, 10, 11, 25),
	(12306, 2, 9, 270),
	(12306, 7, 9, 135),
	(12307, 1, 2, 199),
	(12307, 7, 4, 135),
	(12308, 4, 4, 65),
	(12308, 13, 5, 39),
	(12309, 6, 4, 65),
	(12309, 8, 3, 100),
	(12309, 9, 2, 115),
	(12309, 12, 5, 25),
	(12310, 17, 6, 179),
	(12311, 4, 4, 65),
	(12311, 5, 9, 30),
	(12311, 10, 9, 25),
	(12311, 13, 4, 39),
	(12312, 2, 12, 270),
	(12312, 17, 12, 179),
	(12313, 11, 4, 53),
	(12314, 17, 15, 179),
	(12315, 3, 9, 60),
	(12316, 2, 5, 270),
	(12316, 7, 5, 135),
	(12316, 17, 5, 179),
	(12317, 3, 9, 60),
	(12317, 4, 4, 65),
	(12317, 5, 5, 30),
	(12317, 10, 11, 25),
	(12318, 2, 9, 270),
	(12318, 7, 9, 135),
	(12319, 1, 5, 199),
	(12319, 7, 5, 135),
	(12320, 10, 15, 25),
	(12320, 13, 9, 39),
	(12321, 2, 9, 270),
	(12321, 3, 9, 60),
	(12321, 8, 15, 100),
	(12321, 9, 15, 115),
	(12322, 17, 5, 179),
	(12323, 1, 9, 199),
	(12323, 2, 9, 270),
	(12323, 7, 15, 135),
	(12323, 17, 15, 179),
	(12324, 2, 9, 270),
	(12324, 17, 15, 179),
	(12325, 3, 15, 60),
	(12326, 3, 11, 60),
	(12326, 15, 5, 90),
	(12327, 2, 6, 270),
	(12327, 7, 10, 135),
	(12327, 17, 12, 179),
	(12328, 2, 9, 270),
	(12329, 3, 9, 60),
	(12329, 4, 4, 65),
	(12329, 7, 27, 135),
	(12330, 2, 9, 270),
	(12330, 7, 9, 135),
	(12331, 1, 2, 199),
	(12331, 7, 4, 135),
	(12332, 4, 9, 65),
	(12332, 13, 15, 39),
	(12333, 6, 5, 65),
	(12333, 8, 5, 100),
	(12333, 9, 9, 115),
	(12333, 12, 15, 25),
	(12334, 2, 9, 270),
	(12335, 4, 4, 65),
	(12335, 5, 9, 30),
	(12335, 10, 15, 25),
	(12335, 13, 9, 39),
	(12336, 2, 15, 270),
	(12336, 17, 15, 179),
	(12337, 11, 4, 53),
	(12338, 3, 15, 60),
	(12339, 15, 9, 90),
	(12340, 2, 9, 270),
	(12340, 7, 15, 135),
	(12340, 17, 9, 179),
	(12341, 5, 27, 30),
	(12342, 3, 9, 60),
	(12342, 4, 9, 65),
	(12342, 10, 15, 25),
	(12343, 2, 15, 270),
	(12343, 7, 27, 135),
	(12344, 1, 9, 199),
	(12344, 7, 15, 135),
	(12345, 4, 9, 65),
	(12345, 13, 15, 39),
	(12346, 2, 5, 270),
	(12346, 3, 15, 60),
	(12346, 7, 9, 135),
	(12346, 9, 15, 115),
	(12347, 7, 15, 135),
	(12348, 2, 9, 270),
	(12348, 5, 27, 30),
	(12348, 10, 15, 25),
	(12348, 13, 15, 39),
	(12349, 9, 9, 115),
	(12349, 15, 9, 90),
	(12350, 3, 9, 60),
	(12350, 11, 9, 53),
	(12351, 3, 15, 60),
	(12352, 2, 9, 270),
	(12352, 7, 15, 135),
	(12352, 17, 9, 179),
	(12353, 3, 9, 60),
	(12353, 5, 9, 30),
	(12353, 7, 15, 135),
	(12353, 17, 15, 179),
	(12354, 2, 5, 270),
	(12354, 7, 5, 135),
	(12355, 4, 4, 65),
	(12355, 13, 5, 39),
	(12356, 17, 5, 179),
	(12357, 2, 5, 270),
	(12357, 17, 5, 179),
	(12358, 11, 4, 53),
	(12359, 3, 7, 60),
	(12360, 15, 4, 90),
	(12361, 2, 5, 270),
	(12361, 7, 9, 135),
	(12361, 17, 9, 179),
	(12362, 2, 9, 270),
	(12362, 7, 9, 135),
	(12363, 1, 5, 199),
	(12363, 7, 5, 135),
	(12364, 4, 9, 65),
	(12364, 13, 9, 39),
	(12365, 6, 4, 65),
	(12365, 8, 3, 100),
	(12365, 9, 2, 115),
	(12365, 12, 5, 25),
	(12366, 17, 5, 179),
	(12367, 2, 5, 270),
	(12367, 17, 5, 179),
	(12368, 11, 4, 53),
	(12369, 3, 7, 60),
	(12370, 15, 4, 90),
	(12371, 5, 9, 30),
	(12372, 3, 9, 60),
	(12372, 4, 8, 65),
	(12372, 10, 11, 25),
	(12373, 2, 9, 270),
	(12373, 7, 9, 135),
	(12374, 1, 2, 199),
	(12374, 7, 4, 135),
	(12375, 4, 4, 65),
	(12375, 13, 5, 39),
	(12376, 6, 4, 65),
	(12376, 8, 9, 100),
	(12376, 9, 2, 115),
	(12376, 12, 9, 25),
	(12377, 17, 6, 179),
	(12378, 4, 4, 65),
	(12378, 5, 9, 30),
	(12378, 10, 15, 25),
	(12378, 13, 9, 39),
	(12379, 2, 6, 270),
	(12379, 17, 6, 179),
	(12380, 11, 4, 53),
	(12381, 2, 10, 270),
	(12381, 7, 9, 135),
	(12381, 17, 9, 179),
	(12382, 5, 5, 30),
	(12383, 3, 9, 60),
	(12383, 4, 11, 65),
	(12383, 10, 11, 25),
	(12384, 2, 9, 270),
	(12384, 7, 9, 135),
	(12385, 1, 9, 199),
	(12385, 6, 4, 65),
	(12385, 7, 15, 135),
	(12385, 8, 3, 100),
	(12385, 9, 2, 115),
	(12385, 12, 5, 25),
	(12386, 17, 5, 179),
	(12387, 4, 4, 65),
	(12387, 5, 9, 30),
	(12387, 10, 9, 25),
	(12387, 13, 9, 39),
	(12388, 2, 5, 270),
	(12388, 17, 5, 179),
	(12389, 3, 15, 60),
	(12389, 11, 4, 53),
	(12390, 15, 9, 90),
	(12391, 2, 5, 270),
	(12391, 7, 9, 135),
	(12391, 17, 9, 179),
	(12392, 3, 9, 60),
	(12392, 4, 4, 65),
	(12392, 5, 15, 30),
	(12392, 10, 11, 25),
	(12393, 2, 9, 270),
	(12393, 7, 9, 135),
	(12394, 1, 2, 199),
	(12394, 7, 4, 135),
	(12395, 4, 4, 65),
	(12395, 13, 5, 39),
	(12396, 6, 4, 65),
	(12396, 8, 3, 100),
	(12396, 9, 2, 115),
	(12396, 12, 5, 25),
	(12397, 17, 5, 179),
	(12398, 4, 4, 65),
	(12398, 5, 9, 30),
	(12398, 10, 9, 25),
	(12398, 13, 4, 39),
	(12399, 2, 5, 270),
	(12399, 17, 5, 179),
	(12400, 11, 4, 53),
	(12401, 3, 7, 60),
	(12402, 15, 4, 90),
	(12403, 2, 5, 270),
	(12403, 7, 9, 135),
	(12403, 17, 9, 179),
	(12404, 3, 9, 60),
	(12404, 4, 4, 65),
	(12404, 5, 5, 30),
	(12404, 10, 11, 25),
	(12405, 2, 9, 270),
	(12405, 7, 9, 135),
	(12406, 1, 5, 199),
	(12406, 7, 5, 135),
	(12407, 4, 9, 65),
	(12407, 13, 9, 39),
	(12408, 6, 4, 65),
	(12408, 8, 3, 100),
	(12408, 9, 2, 115),
	(12408, 12, 5, 25),
	(12409, 17, 5, 179),
	(12410, 4, 4, 65),
	(12410, 5, 9, 30),
	(12410, 10, 9, 25),
	(12410, 13, 9, 39),
	(12411, 2, 5, 270),
	(12411, 17, 5, 179),
	(12412, 11, 9, 53),
	(12413, 3, 11, 60),
	(12413, 15, 5, 90),
	(12414, 2, 5, 270),
	(12414, 7, 9, 135),
	(12414, 17, 9, 179),
	(12415, 5, 9, 30),
	(12416, 3, 9, 60),
	(12416, 4, 4, 65),
	(12416, 10, 11, 25),
	(12417, 2, 9, 270),
	(12417, 7, 9, 135),
	(12418, 1, 2, 199),
	(12418, 7, 4, 135),
	(12419, 4, 4, 65),
	(12419, 13, 5, 39),
	(12420, 6, 5, 65),
	(12420, 8, 5, 100),
	(12420, 9, 9, 115),
	(12420, 12, 15, 25),
	(12421, 2, 9, 270),
	(12422, 4, 4, 65),
	(12422, 5, 9, 30),
	(12422, 10, 15, 25),
	(12422, 13, 9, 39),
	(12423, 2, 15, 270),
	(12423, 17, 15, 179),
	(12424, 11, 4, 53),
	(12425, 9, 4, 115),
	(12426, 15, 9, 90),
	(12427, 2, 9, 270),
	(12427, 7, 15, 135),
	(12427, 17, 9, 179),
	(12428, 5, 27, 30),
	(12429, 3, 9, 60),
	(12429, 4, 9, 65),
	(12429, 10, 15, 25),
	(12430, 2, 15, 270),
	(12430, 7, 27, 135),
	(12431, 1, 9, 199),
	(12431, 7, 15, 135),
	(12432, 4, 9, 65),
	(12432, 13, 15, 39),
	(12433, 2, 5, 270),
	(12433, 3, 15, 60),
	(12433, 7, 9, 135),
	(12433, 9, 15, 115),
	(12434, 7, 15, 135),
	(12435, 2, 9, 270),
	(12435, 5, 27, 30),
	(12435, 10, 15, 25),
	(12435, 13, 15, 39),
	(12436, 9, 9, 115),
	(12436, 15, 9, 90),
	(12437, 3, 9, 60),
	(12437, 11, 9, 53),
	(12438, 3, 7, 60),
	(12438, 6, 10, 65),
	(12439, 2, 9, 270),
	(12439, 7, 15, 135),
	(12439, 17, 9, 179),
	(12440, 3, 9, 60),
	(12440, 5, 9, 30),
	(12440, 6, 9, 65),
	(12440, 12, 27, 25),
	(12441, 2, 5, 270),
	(12441, 7, 5, 135),
	(12442, 1, 2, 199),
	(12442, 7, 9, 135),
	(12443, 4, 4, 65),
	(12443, 13, 9, 39),
	(12444, 6, 4, 65),
	(12444, 8, 3, 100),
	(12444, 9, 2, 115),
	(12444, 12, 5, 25),
	(12445, 2, 9, 270),
	(12446, 4, 9, 65),
	(12446, 5, 15, 30),
	(12446, 10, 15, 25),
	(12446, 13, 9, 39),
	(12447, 2, 5, 270),
	(12447, 17, 5, 179),
	(12448, 11, 9, 53),
	(12449, 3, 7, 60),
	(12450, 15, 4, 90),
	(12451, 3, 9, 60),
	(12451, 8, 9, 100),
	(12451, 15, 9, 90),
	(12453, 13, 9, 39),
	(12453, 15, 15, 90),
	(12453, 16, 9, 55),
	(12454, 2, 9, 270),
	(12454, 7, 9, 135),
	(12455, 2, 5, 270),
	(12455, 7, 5, 135),
	(12456, 9, 9, 115),
	(12456, 13, 16, 39),
	(12457, 6, 4, 65),
	(12457, 8, 3, 100),
	(12457, 9, 2, 115),
	(12457, 12, 5, 25),
	(12458, 17, 5, 179),
	(12459, 4, 4, 65),
	(12459, 5, 9, 30),
	(12459, 10, 9, 25),
	(12459, 13, 9, 39),
	(12460, 2, 5, 270),
	(12460, 17, 5, 179),
	(12461, 11, 4, 53),
	(12462, 3, 7, 60),
	(12463, 15, 4, 90),
	(12464, 2, 5, 270),
	(12464, 7, 9, 135),
	(12464, 17, 9, 179),
	(12465, 5, 9, 30),
	(12466, 3, 9, 60),
	(12466, 4, 4, 65),
	(12466, 10, 11, 25),
	(12467, 2, 9, 270),
	(12467, 7, 9, 135),
	(12468, 1, 2, 199),
	(12468, 7, 4, 135),
	(12469, 4, 4, 65),
	(12469, 13, 5, 39),
	(12470, 6, 4, 65),
	(12470, 8, 9, 100),
	(12470, 9, 2, 115),
	(12470, 12, 9, 25),
	(12471, 17, 5, 179),
	(12472, 4, 4, 65),
	(12472, 5, 9, 30),
	(12472, 10, 15, 25),
	(12472, 13, 9, 39),
	(12473, 1, 2, 199),
	(12473, 11, 5, 53),
	(12473, 12, 5, 25),
	(12474, 11, 4, 53),
	(12476, 15, 9, 90),
	(12477, 2, 9, 270),
	(12477, 7, 9, 135),
	(12477, 17, 9, 179),
	(12478, 13, 11, 39),
	(12479, 3, 9, 60),
	(12479, 4, 11, 65),
	(12479, 10, 11, 25),
	(12480, 2, 9, 270),
	(12480, 7, 9, 135),
	(12481, 1, 9, 199),
	(12481, 7, 15, 135),
	(12482, 4, 9, 65),
	(12482, 13, 15, 39),
	(12483, 6, 4, 65),
	(12483, 8, 3, 100),
	(12483, 9, 2, 115),
	(12483, 12, 5, 25),
	(12484, 17, 5, 179),
	(12485, 4, 4, 65),
	(12485, 5, 9, 30),
	(12485, 10, 9, 25),
	(12485, 13, 9, 39),
	(12486, 2, 5, 270),
	(12486, 17, 5, 179),
	(12487, 11, 4, 53),
	(12488, 4, 4, 65),
	(12488, 5, 9, 30),
	(12488, 10, 9, 25),
	(12488, 13, 4, 39),
	(12489, 2, 9, 270),
	(12489, 17, 9, 179),
	(12490, 11, 4, 53),
	(12491, 17, 15, 179),
	(12493, 7, 5, 135),
	(12494, 13, 2, 39);
/*!40000 ALTER TABLE `narocilodetajl` ENABLE KEYS */;


-- Dumping structure for tabela sport.oddelki
DROP TABLE IF EXISTS `oddelki`;
CREATE TABLE IF NOT EXISTS `oddelki` (
  `ID_Oddelek` int(11) NOT NULL,
  `Oddelek` varchar(50) DEFAULT NULL,
  PRIMARY KEY (`ID_Oddelek`),
  KEY `DeptNum` (`ID_Oddelek`)
) ENGINE=InnoDB DEFAULT CHARSET=utf8;

-- Dumping data for table sport.oddelki: ~5 rows (približno)
/*!40000 ALTER TABLE `oddelki` DISABLE KEYS */;
INSERT INTO `oddelki` (`ID_Oddelek`, `Oddelek`) VALUES
	(100, 'Administracija'),
	(200, 'Finance'),
	(300, 'Dodelava'),
	(400, 'Prodaja'),
	(500, 'Servis');
/*!40000 ALTER TABLE `oddelki` ENABLE KEYS */;


-- Dumping structure for tabela sport.stranke
DROP TABLE IF EXISTS `stranke`;
CREATE TABLE IF NOT EXISTS `stranke` (
  `ID_Stranka` int(11) NOT NULL,
  `Ime` varchar(50) DEFAULT NULL,
  `Naslov` varchar(45) DEFAULT NULL,
  `Mesto` varchar(25) DEFAULT NULL,
  `Postna_stevilka` varchar(10) DEFAULT NULL,
  `ID_Zaposleni` int(11) DEFAULT NULL,
  PRIMARY KEY (`ID_Stranka`),
  KEY `Postal_Code` (`Postna_stevilka`),
  KEY `RepID` (`ID_Zaposleni`),
  KEY `ZqposleniStranke` (`ID_Zaposleni`)
) ENGINE=InnoDB DEFAULT CHARSET=utf8;

-- Dumping data for table sport.stranke: ~13 rows (približno)
/*!40000 ALTER TABLE `stranke` DISABLE KEYS */;
INSERT INTO `stranke` (`ID_Stranka`, `Ime`, `Naslov`, `Mesto`, `Postna_stevilka`, `ID_Zaposleni`) VALUES
	(109, 'Popotnik', 'Kranjska 10', 'Kranj', '4000', 93),
	(179, 'Veseli taborniki', 'Koroška 12', 'Ljubljana', '1000', 72),
	(185, 'Mladi popotniki', 'Na poti 2', 'Maribor', '2000', 73),
	(198, 'Extrem turizem', 'Kidričeva 55', 'Kranj', '4000', 143),
	(201, 'Skavti', 'Zabukovska 3', 'Celje', '3000', 44),
	(204, 'Aktiva d.o.o.', 'Mestna 9', 'Kranj', '4000', 82),
	(215, 'Na pot', 'Cesta dveh cesarjev 5', 'Ljubljana', '1000', 81),
	(219, 'Zdravje', 'Kovorska 85', 'Maribor', '2000', 73),
	(223, 'V naravo d.o.o.', 'Tržaška 1', 'Celje', '3000', 72),
	(240, 'Pohodništvo d.o.o.', 'Mariborska 55', 'Ljubljana', '1000', 47),
	(245, 'Naprej', 'Dunajska 8', 'Nova Gorica', '5000', 42),
	(247, 'Zagon', 'Zagorska 78', 'Kranj', '4000', 57),
	(251, 'Oddih d.o.o.', 'Kolodvorska 12', 'Maribor', '2000', 143);
/*!40000 ALTER TABLE `stranke` ENABLE KEYS */;


-- Dumping structure for tabela sport.zaposleni
DROP TABLE IF EXISTS `zaposleni`;
CREATE TABLE IF NOT EXISTS `zaposleni` (
  `ID_Zaposleni` int(11) NOT NULL,
  `Priimek` varchar(50) DEFAULT NULL,
  `Ime` varchar(25) DEFAULT NULL,
  `Telefon` varchar(50) DEFAULT NULL,
  `ID_Oddelek` int(11) DEFAULT NULL,
  PRIMARY KEY (`ID_Zaposleni`),
  KEY `i_zaposleni` (`ID_Oddelek`),
  KEY `DeptNum` (`ID_Oddelek`),
  KEY `EmployeeID` (`ID_Zaposleni`)
) ENGINE=InnoDB DEFAULT CHARSET=utf8;

-- Dumping data for table sport.zaposleni: ~48 rows (približno)
/*!40000 ALTER TABLE `zaposleni` DISABLE KEYS */;
INSERT INTO `zaposleni` (`ID_Zaposleni`, `Priimek`, `Ime`, `Telefon`, `ID_Oddelek`) VALUES
	(26, 'Novak', 'Jana', '5412341079', 300),
	(27, 'Zlate', 'Tone', '5412341079', 300),
	(32, 'Kovač', 'Miran', '5412341079', 300),
	(36, 'Naglič', 'Tim', '5412341079', 200),
	(39, 'Kobal', 'Tim', '5412341079', 300),
	(42, 'Janša', 'Jaka', '5412341079', 400),
	(43, 'Slatner', 'Milena', '5412341079', 100),
	(44, 'Vozel', 'Andreja', '4095791357', 400),
	(47, 'Baudek', 'Petra', '5412341079', 400),
	(48, 'Pušavec', 'Janez', '5412341079', 300),
	(49, 'Kovač', 'Anton', '5412341079', 200),
	(51, 'Novak', 'Stane', '5412341079', 300),
	(52, 'Lampe', 'Janko', '5412341079', 500),
	(53, 'Razpet', 'Ida', '5412341079', 400),
	(55, 'Božič', 'Alenka', '5412341079', 400),
	(56, 'Kosec', 'Ivan', '5412341079', 300),
	(57, 'Kirn', 'Marija', '8634679472', 400),
	(58, 'Klepec', 'Jana', '5412341079', 300),
	(63, 'Zakrašnik', 'Alenka', '5412341079', 300),
	(67, 'Drnovšek', 'Peter', '5412341079', 100),
	(68, 'Drempetič', 'Petra', '5412341079', 500),
	(70, 'Miler', 'Polona', '5412341079', 100),
	(71, 'Mlinar', 'Iris', '5412341079', 500),
	(72, 'Poljanec', 'Ingrid', '5703270987', 400),
	(73, 'Kovač', 'Marjan', '8023720383', 400),
	(75, 'Kern', 'Marko', '5412341079', 100),
	(76, 'Ropret', 'Marija', '5412341079', 300),
	(78, 'Jakšič', 'Aleš', '5412341079', 100),
	(79, 'Kuhar', 'Marjan', '5412341079', 300),
	(81, 'Humer', 'Nina', '3034415647', 400),
	(82, 'Volk', 'Viktor', '7157949283', 400),
	(85, 'Novak', 'Vile', '5412341079', 300),
	(87, 'Miklič', 'Janja', '5412341079', 300),
	(88, 'Polončič', 'Janez', '5412341079', 500),
	(91, 'Razinger', 'Marjan', '5412341079', 100),
	(93, 'Kovič', 'Miha', '5412341079', 400),
	(94, 'Ribič', 'Andreja', '5412341079', 300),
	(95, 'Ribnikar', 'Zdenka', '5412341079', 500),
	(98, 'Lobe', 'Karmen', '5412341079', 200),
	(100, 'Ahčin', 'Monika', '5412341079', 500),
	(101, 'Wolf', 'Rebeka', '5412341079', 300),
	(106, 'Kumar', 'Anka', '9736429201', 400),
	(107, 'Zornik', 'Ana', '5412341079', 300),
	(113, 'Zore', 'Polona', '5412341079', 500),
	(116, 'Zupan', 'Milan', '5412341079', 500),
	(122, 'Bobnar', 'Vitomil', '5412341079', 500),
	(123, 'Žun', 'Robert', '5412341079', 300),
	(143, 'Pavlič', 'Edvard', '5596423579', 400);
/*!40000 ALTER TABLE `zaposleni` ENABLE KEYS */;
/*!40101 SET SQL_MODE=IFNULL(@OLD_SQL_MODE, '') */;
/*!40014 SET FOREIGN_KEY_CHECKS=IF(@OLD_FOREIGN_KEY_CHECKS IS NULL, 1, @OLD_FOREIGN_KEY_CHECKS) */;
/*!40101 SET CHARACTER_SET_CLIENT=@OLD_CHARACTER_SET_CLIENT */;
